🏻: кожа, оттенок, очень светлый тон кожи, светлый, тело, цвет, цвет кожи, цвет кожи 1–2, 1–2, light, skin, tone, type, light skin tone
🏼: кожа, оттенок, светлый, светлый тон кожи, тело, цвет, цвет кожи, цвет кожи 3, 3, medium-light, skin, tone, type, medium-light skin tone
🏽: кожа, оттенок, смуглый, средний тон кожи, тело, цвет, цвет кожи, цвет кожи 4, 4, medium, skin, tone, type, medium skin tone
🏾: кожа, оттенок, тело, темный, темный тон кожи, цвет, цвет кожи, цвет кожи 5, 5, medium-dark, skin, tone, type, medium-dark skin tone
🏿: кожа, оттенок, очень темный тон кожи, тело, темный, цвет, цвет кожи, цвет кожи 6, 6, dark, skin, tone, type, dark skin tone
‾: надчеркивание, overline, overstrike, vinculum
‐: дефис, тире, черточка, dash, hyphen
–: среднее, тире, среднее тире, dash, en, en dash
—: длинное, тире, длинное тире, dash, em, em dash
―: горизонтальная линия, горизонтальная полоса, линия, тире, bar, dash, horizontal, line, horizontal bar
・: интерпункт, интерпункт катаканы, катакана, средняя точка, точки, dot, dots, interpunct, katakana, middle, middot, katakana middle dot
،: арабская, запятая, арабская запятая, arabic, comma, arabic comma
、: запятая, идеографическая, идеографическая запятая, comma, ideographic, ideographic comma
؛: арабская, арабская точка с запятой, точка с запятой, arabic, semi-colon, semicolon, arabic semicolon
¡: восклицание, восклицательный знак, перевернутый, перевернутый восклицательный знак, bang, exclamation, inverted, mark, point, inverted exclamation mark
¿: вопрос, вопросительный знак, знак вопроса, перевернутый, перевернутый вопросительный знак, inverted, mark, question, inverted question mark
؟: арабский, арабский вопросительный знак, вопрос, вопросительный знак, знак вопроса, arabic, mark, question, arabic question mark
‽: интерробанг, interabang, interrobang
…: многоточие, отточие, точки, dots, ellipsis, omission
。: идеографическая точка, точка, full, ideographic, period, stop, ideographic period
·: интерпункт, средняя, точка, dot, interpunct, middle, middot, middle dot
‘: апостроф, кавычка, одинарная кавычка, открывающая, открывающая одинарная кавычка, apostrophe, left, quote, single, smart, left apostrophe
’: апостроф, закрывающая, закрывающая одинарная кавычка, кавычка, одинарная кавычка, apostrophe, quote, right, single, smart, right apostrophe
‚: апостроф, закрывающая кавычка, кавычка, нижняя закрывающая одинарная кавычка, нижняя кавычка, одинарная кавычка, apostrophe, low, quote, right, low right apostrophe
“: двойная кавычка, кавычка, открывающая двойная кавычка, открывающая кавычка, double, left, mark, quotation, quote, smart, left quotation mark
”: двойная кавычка, закрывающая двойная кавычка, закрывающая кавычка, кавычка, double, mark, quotation, quote, right, smart, right quotation mark
„: двойная кавычка, закрывающая кавычка, кавычка, нижняя закрывающая двойная кавычка, нижняя кавычка, double, low, mark, quotation, quote, right, smart, low right quotation mark
«: влево, елочка, елочки, знак вставки, кавычки, открывающая французская кавычка, шеврон, angle, brackets, carets, chevron, guillemet, left, quote, left guillemet
»: вправо, елочка, елочки, закрывающая французская кавычка, знак вставки, кавычки, шеврон, angle, brackets, carets, chevron, guillemet, quote, right, right guillemet
〈: открывающая скобка, открывающая угловая скобка, скобка, угловая скобка, angle, bracket, brackets, chevron, diamond, open, pointy, tuple, open angle bracket
〉: закрывающая скобка, закрывающая угловая скобка, скобка, угловая скобка, angle, bracket, brackets, chevron, close, diamond, pointy, tuple, close angle bracket
《: двойная угловая скобка, открывающая двойная угловая скобка, открывающая скобка, скобка, угловая скобка, angle, bracket, double, open, open double angle bracket
》: двойная угловая скобка, закрывающая двойная угловая скобка, закрывающая скобка, скобка, угловая скобка, angle, bracket, close, double, close double angle bracket
「: открывающая прямоугольная скобка, открывающая скобка, прямоугольная скобка, скобка, bracket, corner, open, open corner bracket
」: закрывающая прямоугольная скобка, закрывающая скобка, прямоугольная скобка, скобка, bracket, close, corner, close corner bracket
『: открывающая незакрашенная прямоугольная скобка, открывающая скобка, прямоугольная скобка, скобка, bracket, corner, hollow, open, open hollow corner bracket
』: закрывающая незакрашенная прямоугольная скобка, закрывающая скобка, прямоугольная скобка, скобка, bracket, close, corner, hollow, close hollow corner bracket
【: линзовая скобка, линзовидная скобка, открывающая закрашенная линзовидная скобка, открывающая скобка, скобка, black, bracket, lens, lenticular, open, open black lens bracket
】: закрывающая закрашенная линзовидная скобка, закрывающая скобка, линзовая скобка, линзовидная скобка, скобка, black, bracket, close, lens, lenticular, close black lens bracket
〔: открывающая скобка, открывающая черепашья скобка, скобка, черепашья скобка, bracket, open, shell, tortoise, open tortoise shell bracket
〕: закрывающая скобка, закрывающая черепашья скобка, скобка, черепашья скобка, bracket, close, shell, tortoise, close tortoise shell bracket
〖: линзовая скобка, линзовидная скобка, открывающая незакрашенная линзовидная скобка, открывающая скобка, скобка, bracket, hollow, lens, lenticular, open, open hollow lens bracket
〗: закрывающая незакрашенная линзовидная скобка, закрывающая скобка, линзовая скобка, линзовидная скобка, скобка, bracket, close, hollow, lens, lenticular, close hollow lens bracket
§: параграф, пункт, раздел, paragraph, part, section, silcrow
¶: абзац, знак, знак абзаца, пилкроу, alinea, mark, paragraph, paraph, pilcrow, paragraph mark
&amp;: амперсанд, и, ampersand, and, et
‰: миллионная доля, промилле, mil, mille, per, permil, permille, per mille
†: даггер, крестик, обелиск, типографский крестик, dagger, obelisk, obelus, sign, dagger sign
‡: даггер, двойной, крестик, обелиск, двойной крестик, dagger, double, obelisk, obelus, sign, double dagger sign
•: маркер, маркер пункта, маркер пункта в списке, пункт, пункт в списке, пункт списка, bullet, dot
‧: дефис, перенос, точка, точка переноса, dash, hyphen, hyphenation, point, hyphenation point
′: прим, штрих, prime
″: двойной, прим, штрих, двойной штрих, double, prime, double prime
‴: прим, тройной, штрих, тройной штрих, prime, triple, triple prime
‸: знак вставки, карет, caret
※: знак, знак сноски, сноска, mark, reference, reference mark
⁂: астеризм, три звездочки, asterism, dinkus, stars
´: акут, ударение, accent, acute, tone, acute accent
¨: диерезис, трема, умлаут, умляут, diaeresis, tréma, umlaut
°: градус, крепость, угол, degree, hour, proof
℗: авторские права, авторское право, авторское право на музыку, запись, копирайт, музыка, copyright, recording, sound, sound recording copyright
←: налево, стрелка, стрелка «налево», arrow, left, left-pointing, left-pointing arrow
↚: перечеркнутая стрелка влево, arrow, leftwards, stroke, leftwards arrow stroke
→: направо, стрелка, стрелка «направо», arrow, right, right-pointing, right-pointing arrow
↛: перечеркнутая стрелка вправо, arrow, rightwards, stroke, rightwards arrow stroke
↑: кверху, стрелка, стрелка «кверху», arrow, up, up-pointing, up-pointing arrow
↓: книзу, стрелка, стрелка «книзу», arrow, down, down-pointing, down-pointing arrow
↜: волнистая стрелка влево, arrow, leftwards, wave, leftwards wave arrow
↝: волнистая стрелка вправо, arrow, rightwards, wave, rightwards wave arrow
↞: стрелка влево с двумя наконечниками, arrow, headed, leftwards, two, leftwards two headed arrow
↟: стрелка вверх с двумя наконечниками, arrow, headed, two, upwards, upwards two headed arrow
↠: стрелка вправо с двумя наконечниками, arrow, headed, rightwards, two, rightwards two headed arrow
↡: стрелка вниз с двумя наконечниками, arrow, downwards, headed, two, downwards two headed arrow
↢: стрелка влево с хвостом, arrow, leftwards, tail, leftwards arrow tail
↣: стрелка вправо с хвостом, arrow, rightwards, tail, rightwards arrow tail
↤: стрелка влево из вертикальной черты, arrow, bar, from, leftwards, leftwards arrow from bar
↥: стрелка вверх из вертикальной черты, arrow, bar, from, upwards, upwards arrow from bar
↦: стрелка вправо из вертикальной черты, arrow, bar, from, rightwards, rightwards arrow from bar
↧: стрелка вниз из вертикальной черты, arrow, bar, downwards, from, downwards arrow from bar
↨: стрелка вверх и вниз от планки внизу, arrow, base, down, up, with, up down arrow with base
↫: стрелка влево с петлей, arrow, leftwards, loop, leftwards arrow loop
↬: стрелка вправо с петлей, arrow, loop, rightwards, rightwards arrow loop
↭: волнистая стрелка вправо-влево, arrow, left, right, wave, left right wave arrow
↯: зигзагообразная стрелка вниз, arrow, downwards, zigzag, downwards zigzag arrow
↰: стрелка вверх с поворотом налево, arrow, leftwards, tip, upwards, upwards arrow tip leftwards
↱: стрелка вверх с поворотом направо, arrow, rightwards, tip, upwards, upwards arrow tip rightwards
↲: стрелка вниз с поворотом налево, arrow, downwards, leftwards, tip, downwards arrow tip leftwards
↳: стрелка вниз с поворотом направо, arrow, downwards, rightwards, tip, downwards arrow tip rightwards
↴: стрелка вправо с поворотом вниз под прямым углом, arrow, corner, downwards, rightwards, rightwards arrow corner downwards
↵: стрелка вниз с поворотом налево под прямым углом, arrow, corner, downwards, leftwards, downwards arrow corner leftwards
↶: стрелка полукругом против часовой стрелки, anticlockwise, arrow, semicircle, top, anticlockwise top semicircle arrow
↷: стрелка полукругом по часовой стрелке, arrow, clockwise, semicircle, top, clockwise top semicircle arrow
↸: стрелка на северо-запад под длинной чертой, arrow, bar, long, north, west, north west arrow long bar
↹: стрелка влево над стрелкой вправо с перпендикулярными чертами, arrow, bar, bars, leftwards, over, rightwards, leftwards over rightwards arrow bars
↺: круглая стрелка с наконечником против часовой стрелки, anticlockwise, arrow, circle, open, anticlockwise open circle arrow
↻: круглая стрелка с наконечником по часовой стрелке, arrow, circle, clockwise, open, clockwise open circle arrow
↼: гарпун влево с зубцом вверх, barb, harpoon, leftwards, upwards, leftwards harpoon barb upwards
↽: гарпун влево с зубцом вниз, barb, downwards, harpoon, leftwards, leftwards harpoon barb downwards
↾: гарпун вверх с зубцом вправо, barb, harpoon, rightwards, upwards, upwards harpoon barb rightwards
↿: гарпун вверх с зубцом влево, barb, harpoon, leftwards, upwards, upwards harpoon barb leftwards
⇀: гарпун вправо с зубцом вверх, barb, harpoon, rightwards, upwards, rightwards harpoon barb upwards
⇁: гарпун вправо с зубцом вниз, barb, downwards, harpoon, rightwards, rightwards harpoon barb downwards
⇂: гарпун вниз с зубцом вправо, barb, downwards, harpoon, rightwards, downwards harpoon barb rightwards
⇃: гарпун вниз с зубцом влево, barb, downwards, harpoon, leftwards, downwards harpoon barb leftwards
⇄: стрелка вправо над стрелкой влево, arrow, leftwards, over, rightwards, rightwards arrow over leftwards arrow
⇅: кверху, книзу, стрелка, стрелки «кверху» и «книзу», and, arrow, arrows, down, down-pointing, up, up-pointing, up-pointing and down-pointing arrows
⇆: налево, направо, стрелка, стрелка «налево» над стрелкой «направо», arrow, arrows, left, left-pointing, over, right, right-pointing, left-pointing over right-pointing arrows
⇇: парные стрелки влево, arrows, leftwards, paired, leftwards paired arrows
⇈: парные стрелки вверх, arrows, paired, upwards, upwards paired arrows
⇉: парные стрелки вправо, arrows, paired, rightwards, rightwards paired arrows
⇊: парные стрелки вниз, arrows, downwards, paired, downwards paired arrows
⇋: гарпун влево над гарпуном вправо, harpoon, leftwards, over, rightwards, leftwards harpoon over rightwards harpoon
⇌: гарпун вправо над гарпуном влево, harpoon, leftwards, over, rightwards, rightwards harpoon over leftwards harpoon
⇐: двойная стрелка влево, arrow, double, leftwards, leftwards double arrow
⇍: двойная перечеркнутая стрелка влево, arrow, double, leftwards, stroke, leftwards double arrow stroke
⇑: двойная стрелка вверх, arrow, double, upwards, upwards double arrow
⇒: двойная стрелка вправо, arrow, double, rightwards, rightwards double arrow
⇏: двойная перечеркнутая стрелка вправо, arrow, double, rightwards, stroke, rightwards double arrow stroke
⇓: двойная стрелка вниз, arrow, double, downwards, downwards double arrow
⇔: двойная стрелка влево-вправо, arrow, double, left, right, left right double arrow
⇎: двойная перечеркнутая стрелка влево-вправо, arrow, double, left, right, stroke, left right double arrow stroke
⇖: двойная стрелка на северо-запад, arrow, double, north, west, north west double arrow
⇗: двойная стрелка на северо-восток, arrow, double, east, north, north east double arrow
⇘: двойная стрелка на юго-восток, arrow, double, east, south, south east double arrow
⇙: двойная стрелка на юго-запад, arrow, double, south, west, south west double arrow
⇚: тройная стрелка влево, arrow, leftwards, triple, leftwards triple arrow
⇛: тройная стрелка вправо, arrow, rightwards, triple, rightwards triple arrow
⇜: стрелка влево с изгибами, arrow, leftwards, squiggle, leftwards squiggle arrow
⇝: стрелка вправо с изгибами, arrow, rightwards, squiggle, rightwards squiggle arrow
⇞: стрелка вверх с двойным перечеркиванием, arrow, double, stroke, upwards, upwards arrow double stroke
⇟: стрелка вниз с двойным перечеркиванием, arrow, double, downwards, stroke, downwards arrow double stroke
⇠: пунктирная стрелка влево, arrow, dashed, leftwards, leftwards dashed arrow
⇡: пунктирная стрелка вверх, arrow, dashed, upwards, upwards dashed arrow
⇢: пунктирная стрелка вправо, arrow, dashed, rightwards, rightwards dashed arrow
⇣: пунктирная стрелка вниз, arrow, dashed, downwards, downwards dashed arrow
⇤: влево, планка, стрелка, стрелка влево, упирающаяся в планку, arrow, bar, leftwards, leftwards arrow bar
⇥: вправо, планка, стрелка, стрелка вправо, упирающаяся в планку, arrow, bar, rightwards, rightwards arrow bar
⇦: полая стрелка влево, arrow, hollow, leftwards, leftwards hollow arrow
⇧: полая стрелка вверх, arrow, hollow, upwards, upwards hollow arrow
⇨: полая стрелка вправо, arrow, hollow, rightwards, rightwards hollow arrow
⇩: полая стрелка вниз, arrow, downwards, hollow, downwards hollow arrow
⇪: полая стрелка вверх на прямоугольнике, arrow, bar, from, hollow, upwards, upwards hollow arrow from bar
⇵: стрелка вниз слева от стрелки вверх, arrow, downwards, leftwards, upwards, downwards arrow leftwards upwards arrow
∀: данность, для всех, любое, универсально, all, any, for, given, universal, for all
∂: дифференциал, частичный дифференциал, differential, partial, partial differential
∃: существует, exists, there, there exists
∅: математика, оператор над множеством, пустое множество, empty, mathematics, operator, set, empty set
∆: инкремент, треугольник, increment, triangle
∇: набла, треугольник, nabla, triangle
∈: множество, принадлежность, принадлежность множеству, содержит, состоит в, элемент, contains, element, membership, of, set, element of
∉: не принадлежит, an, element, not, not an element
∋: содержит в качестве члена, as, contains, element, member, contains as member
∎: конец доказательства, надгробие, ч. т. д., что и требовалось доказать, end, halmos, proof, q.e.d., qed, tombstone, end proof
∏: n-арное произведение, логика, произведение, logic, n-ary, product, n-ary product
∑: n-арное суммирование, сумма, суммирование, mathematics, n-ary, summation, n-ary summation
±: плюс минус, плюс-минус, plus-minus
÷: деление, знак деления, обелюс, разделить, divide, division, obelus, sign, division sign
×: знак умножения, умножение, умноженный, умножить, multiplication, multiply, sign, times, multiplication sign
&lt;: менее, меньше, меньше чем, открыть тег, тег, less, less-than, open, tag, than
≮: не меньше чем, inequality, less-than, mathematics, not, not less-than
≠: знак неравенства, не равно, не равняется, неравенство, equal, inequality, inequation, not, not equal
&gt;: более, больше, больше чем, закрыть тег, тег, close, greater, greater-than, tag, than
≯: не больше чем, greater-than, inequality, mathematics, not, not greater-than
¬: не, отрицание, negation, not
−: вычитание, знак минуса, минус, уменьшение, minus, sign, subtract, minus sign
⁻: минус, надстрочный, степень, надстрочный минус, minus, superscript, superscript minus
∓: знак минус-плюс, minus-or-plus, plus-minus
∕: разделительный знак, division, slash, stroke, virgule, division slash
⁄: дробная наклонная черта, fraction, slash, stroke, virgule, fraction slash
∗: звездочка, оператор звездочки, asterisk, operator, star, asterisk operator
∘: кольцевой оператор, composition, operator, ring, ring operator
∙: буллет-оператор, оператор, оператор произведения, bullet, operator, bullet operator
√: знак корня, иррациональное число, квадратный, корень, радикал, квадратный корень, radical, radix, root, square, surd, square root
∝: пропорционально, пропорциональность, proportional, proportionality
∞: бесконечность, знак бесконечности, infinity, sign, infinity sign
∟: математика, правый угол, прямой угол, angle, mathematics, right, right angle
∠: острый угол, угол, acute, angle
∣: вертикальная, линия, разделитель, разделительная, черта, разделяет, divides, divisor
∥: знаки, отношений, параллельно, параллельность, parallel
∧: конъюнктор, конъюнкция, логический оператор «и», логическое и, ac, and, atque, logical, wedge, logical and
∩: множество, пересечение, intersection, set
∪: множество, объединение, совокупность, collection, set, union
∫: интеграл, математический анализ, calculus, integral
∬: двойной интеграл, математический анализ, calculus, double, integral, double integral
∮: интеграл по замкнутому контуру, интеграл по контуру, криволинейный интеграл, contour, integral, contour integral
∴: логический оператор, следовательно, logic, therefore
∵: логический оператор, поскольку, потому что, так как, because, logic
∶: отношение, соотношение, ratio
∷: пропорциональность, пропорция, proportion, proportionality
∼: оператор, оператор тильды, тильда, operator, tilde, tilde operator
∽: обратная тильда, тильда, reversed, tilde, reversed tilde
∾: инвертированная плавная s, inverted, lazy, s, inverted lazy s
≃: асимптотически равно, асимптотическое равенство, математика, asymptote, asymptotically, equal, mathematics, asymptotically equal
≅: изоморфизм, конгруэнтность, приблизительно равно, примерно равно, равенство, approximately, congruence, equal, equality, isomorphism, mathematics, approximately equal
≈: около, почти равно, приближение, приблизительно равно, примерно, примерно равно, almost, approximate, approximation, equal, almost equal
≌: все равны, математика, равенство, all, equal, equality, mathematics, all equal
≒: знак приблизительного равенства, приблизительное равенство, approximately, equal, image, the, approximately equal the image
≖: кольцо в равно, математика, равенство, equal, equality, in, mathematics, ring, ring in equal
≡: идентичный, равный, тождественное равенство, тождество, тройной, exact, identical, to, triple, identical to
≣: математика, равенство, строго эквивалентно, equality, equivalent, mathematics, strictly, strictly equivalent
≤: меньше или равно, не более, не более чем, неравенство, equal, equals, inequality, less-than, or, less-than or equal
≥: больше или равно, не менее, не менее чем, неравенство, equal, equals, greater-than, inequality, or, greater-than or equal
≦: математика, меньше над равно, неравенство, equal, inequality, less-than, mathematics, over, less-than over equal
≧: больше над равно, математика, неравенство, equal, greater-than, inequality, mathematics, over, greater-than over equal
≪: математика, намного меньше, неравенство, inequality, less-than, mathematics, much, much less-than
≫: математика, намного больше, неравенство, greater-than, inequality, mathematics, much, much greater-than
≬: между, between
≳: больше или эквивалентно, больше либо эквивалентно, математика, неравенство, equivalent, greater-than, inequality, mathematics, greater-than equivalent
≺: математика, оператор над множеством, предшествует, mathematics, operator, precedes, set
≻: математика, оператор над множеством, следует, mathematics, operator, set, succeeds
⊁: математика, не следует, оператор над множеством, does, mathematics, not, operator, set, succeed, does not succeed
⊂: включено в, множество, подмножество, of, set, subset, subset of
⊃: математика, надмножество, оператор над множеством, супермножество, mathematics, operator, set, superset
⊆: подмножество равно, equal, subset, subset equal
⊇: математика, надмножество равно, равенство, equal, equality, mathematics, superset, superset equal
⊕: знак плюса в круге, плюс в круге, circled, plus, circled plus
⊖: минус в круге, симметрическая разность, circled, difference, erosion, minus, symmetric, circled minus
⊗: знак умножения в круге, произведение, тензор, circled, product, tensor, times, circled times
⊘: дробная черта в круге, математика, circled, division, division-like, mathematics, slash, circled division slash
⊙: оператор, оператор точки в круге, circled, dot, operator, xnor, circled dot operator
⊚: кольцевой оператор в круге, circled, operator, ring, circled ring operator
⊛: оператор, оператор звездочки в круге, asterisk, circled, operator, circled asterisk operator
⊞: знак плюса, квадрат, математика, плюс в квадрате, сложение, addition-like, mathematics, plus, squared, squared plus
⊟: вычитание, знак минуса, математика, минус, минус в квадрате, mathematics, minus, squared, subtraction-like, squared minus
⊥: вертикальный шип, фальсум, шип, eet, falsum, tack, up, up tack
⊮: не влечет, does, force, not, does not force
⊰: математика, оператор над множеством, предшествует, предшествует относительно, mathematics, operator, precedes, relation, set, under, precedes under relation
⊱: математика, оператор над множеством, следует, следует относительно, mathematics, operator, relation, set, succeeds, under, succeeds under relation
⋭: математика, не содержит как нормальную подгруппу или не равно, теория групп, as, contain, does, equal, group, mathematics, normal, not, subgroup, theory, does not contain as normal subgroup equal
⊶: прообраз, original
⊹: квадратная матрица, математика, самосопряженная матрица, эрмитова сопряженная матрица, conjugate, hermitian, mathematics, matrix, self-adjoint, square, hermitian conjugate matrix
⊿: математика, прямоугольный, треугольник, прямоугольный треугольник, mathematics, right, right-angled, triangle, right triangle
⋁: n-арное логическое или, дизъюнкция, логика, disjunction, logic, logical, n-ary, or, n-ary logical or
⋂: n-арное пересечение, математика, оператор над множеством, пересечение, intersection, mathematics, n-ary, operator, set, n-ary intersection
⋃: n-арное объединение, математика, объединение, оператор над множеством, mathematics, n-ary, operator, set, union, n-ary union
⋅: оператор, оператор точки, dot, operator, dot operator
⋆: оператор, оператор звезды, operator, star, star operator
⋈: бабочка, бинарный оператор, галстук-бабочка, естественное соединение, binary, bowtie, join, natural, operator, natural join
⋒: двойное пересечение, математика, оператор над множеством, пересечение, double, intersection, mathematics, operator, set, double intersection
⋘: гораздо меньше, математика, меньше, неравенство, inequality, less-than, mathematics, much, very, very much less-than
⋙: больше, гораздо больше, математика, неравенство, greater-than, inequality, mathematics, much, very, very much greater-than
⋮: вертикальное многоточие, математика, многоточие, ellipsis, mathematics, vertical, vertical ellipsis
⋯: внутристрочное горизонтальное многоточие, многоточие, ellipsis, horizontal, midline, midline horizontal ellipsis
⋰: диагональное многоточие вверх вправо, математика, многоточие, diagonal, ellipsis, mathematics, right, up, up right diagonal ellipsis
⋱: диагональное многоточие вниз вправо, математика, многоточие, diagonal, down, ellipsis, mathematics, right, down right diagonal ellipsis
■: закрашенный квадрат, filled, square, filled square
□: полый квадрат, hollow, square, hollow square
▢: полый квадрат с закругленными углами, corners, hollow, rounded, square, with, hollow square with rounded corners
▣: закрашенный квадрат внутри полого квадрата, containing, filled, hollow, square, hollow square containing filled square
▤: квадрат с горизонтальной штриховкой, fill, horizontal, square, with, square with horizontal fill
▥: квадрат с вертикальной штриховкой, fill, square, vertical, with, square with vertical fill
▦: квадрат с ортогональной перекрестной штриховкой, crosshatch, fill, orthogonal, square, square orthogonal crosshatch fill
▧: квадрат с диагональной штриховкой слева направо, fill, left, lower, right, square, upper, square upper left lower right fill
▨: квадрат с диагональной штриховкой справа налево, fill, left, lower, right, square, upper, square upper right lower left fill
▩: квадрат с диагональной перекрестной штриховкой, crosshatch, diagonal, fill, square, square diagonal crosshatch fill
▬: закрашенный прямоугольник, прямоугольник, filled, rectangle, filled rectangle
▭: полый прямоугольник, hollow, rectangle, hollow rectangle
▮: закрашенный вертикальный прямоугольник, filled, rectangle, vertical, filled vertical rectangle
▰: закрашенный параллелограмм, filled, parallelogram, filled parallelogram
▲: вверх, закрашенный, закрашенный треугольник вершиной вверх, стрелка, треугольник, arrow, filled, triangle, up, up-pointing, filled up-pointing triangle
△: полый треугольник вершиной вверх, hollow, triangle, up-pointing, hollow up-pointing triangle
▴: небольшой закрашенный треугольник вершиной вверх, filled, small, triangle, up-pointing, filled up-pointing small triangle
▵: небольшой полый треугольник вершиной вверх, hollow, small, triangle, up-pointing, hollow up-pointing small triangle
▷: полый треугольник вершиной вправо, hollow, right-pointing, triangle, hollow right-pointing triangle
▸: небольшой закрашенный треугольник вершиной вправо, filled, right-pointing, small, triangle, filled right-pointing small triangle
▹: небольшой полый треугольник вершиной вправо, hollow, right-pointing, small, triangle, hollow right-pointing small triangle
►: закрашенный указатель вправо, filled, pointer, right-pointing, filled right-pointing pointer
▻: полый указатель вправо, hollow, pointer, right-pointing, hollow right-pointing pointer
▼: вниз, закрашенный, закрашенный треугольник вершиной вниз, стрелка, треугольник, arrow, down, down-pointing, filled, triangle, filled down-pointing triangle
▽: полый треугольник вершиной вниз, down-pointing, hollow, triangle, hollow down-pointing triangle
▾: небольшой закрашенный треугольник вершиной вниз, down-pointing, filled, small, triangle, filled down-pointing small triangle
▿: небольшой полый треугольник вершиной вниз, down-pointing, hollow, small, triangle, hollow down-pointing small triangle
◁: полый треугольник вершиной влево, hollow, left-pointing, triangle, hollow left-pointing triangle
◂: небольшой закрашенный треугольник вершиной влево, filled, left-pointing, small, triangle, filled left-pointing small triangle
◃: небольшой полый треугольник вершиной влево, hollow, left-pointing, small, triangle, hollow left-pointing small triangle
◄: закрашенный указатель влево, filled, left-pointing, pointer, filled left-pointing pointer
◅: полый указатель влево, hollow, left-pointing, pointer, hollow left-pointing pointer
◆: закрашенный ромб, diamond, filled, filled diamond
◇: полый ромб, diamond, hollow, hollow diamond
◈: закрашенный ромб внутри полого ромба, containing, diamond, filled, hollow, hollow diamond containing filled diamond
◉: закрашенный круг внутри полого круга, cicles, circle, circled, concentric, containing, dot, filled, fisheye, hollow, ward, hollow circle containing filled circle
◊: бубны, косоугольник, ромб, diamond, lozenge, rhombus
○: круг, незакрашенный круг, полый, пустой круг, шар, circle, hollow, ring, hollow circle
◌: пунктирный круг, circle, dotted, dotted circle
◍: круг с вертикальной штриховкой, circle, fill, vertical, with, circle with vertical fill
◎: двойной круг, концентрические круги, мишень, circle, circles, concentric, double, target, concentric circles
●: закрашенный круг, заполненный круг, круг, шар, circle, filled, filled circle
◐: круг с закрашенной левой половиной, circle, filled, half, left, circle left half filled
◑: круг с закрашенной правой половиной, circle, filled, half, right, circle right half filled
◒: круг с закрашенной нижней половиной, circle, filled, half, lower, circle lower half filled
◓: круг с закрашенной верхней половиной, circle, filled, half, upper, circle upper half filled
◔: круг с закрашенной верхней правой четвертью, circle, filled, quadrant, right, upper, circle upper right quadrant filled
◕: закрашенный круг с полой верхней левой четвертью, all, but, circle, filled, left, quadrant, upper, circle all but upper left quadrant filled
◖: закрашенная левая половина круга, circle, filled, half, left, left half filled circle
◗: закрашенная правая половина круга, circle, filled, half, right, right half filled circle
◘: инвертированный маркер пункта в списке, bullet, inverse, inverse bullet
◙: полый круг внутри закрашенного квадрата, circle, containing, filled, hollow, inverse, square, filled square containing hollow circle
◜: дуга в верхней левой четверти, arc, circular, left, quadrant, upper, upper left quadrant circular arc
◝: дуга в верхней правой четверти, arc, circular, quadrant, right, upper, upper right quadrant circular arc
◞: дуга в нижней правой четверти, arc, circular, lower, quadrant, right, lower right quadrant circular arc
◟: дуга в нижней левой четверти, arc, circular, left, lower, quadrant, lower left quadrant circular arc
◠: верхний полукруг, circle, half, upper, upper half circle
◡: нижний полукруг, circle, half, lower, lower half circle
◢: закрашенный нижний правый треугольник, filled, lower, right, triangle, filled lower right triangle
◣: закрашенный нижний левый треугольник, filled, left, lower, triangle, filled lower left triangle
◤: закрашенный верхний левый треугольник, filled, left, triangle, upper, filled upper left triangle
◥: закрашенный верхний правый треугольник, filled, right, triangle, upper, filled upper right triangle
◦: полый маркер пункта в списке, bullet, hollow, hollow bullet
◯: большой незакрашенный круг, круг, полый, пустой, шар, circle, hollow, large, ring, large hollow circle
◳: полый квадрат с полой верхней правой четвертью, hollow, quadrant, right, square, upper, hollow square upper right quadrant
◷: полый круг с полой верхней правой четвертью, circle, hollow, quadrant, right, upper, with, hollow circle with upper right quadrant
◿: нижний правый треугольник, lower, right, triangle, lower right triangle
♪: восьмая, музыка, нота, восьмая нота, eighth, music, note, eighth note
⨧: плюс с цифрой два в нижнем регистре, plus, subscript, two, plus subscript two
⨯: векторное произведение, cross, product, vector, vector cross product
⨼: внутреннее произведение, interior, product, interior product
⩣: логическое или с двойным подчеркиванием, double, logical, or, underbar, logical or double underbar
⩽: меньше или равно, меньше с наклонным равно, equal, less-than, slanted, less-than slanted equal
⪍: меньше над асимптотически равно, above, equal, less-than, similar, less-than above similar equal
⪚: больше под равно, математика, неравенство, double-line, equal, greater-than, inequality, mathematics, double-line equal greater-than
⪺: следует над приблизительно не равно, above, almost, equal, not, succeeds, succeeds above not almost equal
♭: бемоль, музыка, нота, bemolle, flat, music, note
♯: диез, музыка, нота, dièse, diesis, music, note, sharp
🪋: апокалипсис, гравитация, звезда, камень, космос, огненный, падающая, падение, шар, метеорит, apocalypse, falling, fireball, gravity, rock, space, star, meteor
🪌: исправить, исправление, ошибка, резинка, стереть, стирательная, удалить, ластик, correction, delete, drawing, erase, error, mistake, remove, rub, undo, writing, eraser
🪍: коллекционирование, ловить, ловушка, поймать, сеть, собирать, сачок, catch, collect, mesh, trap, net with handle
🫌: гусеница, изменение, метаморфозы, миграция, надежда, насекомое, трансформация, хрупкость, бабочка-монарх, caterpillar, change, fragile, hope, insect, metamorphosis, migration, transformation, monarch butterfly
🫝: закуска, засолка, огурец, огурчик, рассол, соленья, ферментация, маринованный огурец, brine, condiment, cucumber, ferment, gherkin, relish, trouble, pickle
🫫: ломается, маска, напряжение, раскрытие, стойкость, трансформация, трещины, трескается, breaking, crumbling, masking, resilience, reveal, tension, transformation, cracking face
🫹: влево, нейтральный, там, туда, указывать, хват, это, большой палец влево, grip, left, neutral, point, that, this, leftwards thumb sign
🫺: вправо, нейтральный, там, туда, указывать, хват, это, большой палец вправо, grip, neutral, point, right, that, this, rightwards thumb sign
🛙: башня, море, навигация, надежда, ориентир, свет, сигнал, маяк, beacon, enlightenment, guidance, hope, light, maritime, navigation, sea, signal, lighthouse
😀: лицо, радость, смех, счастье, улыбка, широко улыбается, cheerful, cheery, face, grin, grinning, happy, laugh, nice, smile, smiling, teeth, grinning face
😃: весело, лицо, радость, рот, смеется, смех, улыбка, awesome, big, eyes, face, grin, grinning, happy, mouth, open, smile, smiling, teeth, yay, grinning face with big eyes
😄: глаза, закрытые, лицо, радость, смеется, смех, смеяться, улыбка, смеется с закрытыми глазами, eye, eyes, face, grin, grinning, happy, laugh, lol, mouth, open, smile, smiling, grinning face with smiling eyes
😁: весело, глаза, зубы, лицо, ржать, смех, счастье, улыбка, ухмылка, широкая, светится от счастья, beaming, eye, eyes, face, grin, grinning, happy, nice, smile, smiling, teeth, beaming face with smiling eyes
😆: глаза, закрытые, лол, радость, смех, смешно, угораю, улыбка, ха-ха, хохот, смеется с прищуренными глазами, closed, eyes, face, grinning, haha, hahaha, happy, laugh, lol, mouth, open, rofl, smile, smiling, squinting, grinning squinting face
😅: лол, нервный, облегчение, открытый, пот, рот, смех, стресс, улыбка, широкая, нервно смеется, cold, dejected, excited, face, grinning, mouth, nervous, open, smile, smiling, stress, stressed, sweat, grinning face with sweat
🤣: глаза, катаюсь, плач, пол, ржака, ржач, слезы, умора, ха-ха, хохот, катается со смеху, crying, face, floor, funny, haha, happy, hehe, hilarious, joy, laugh, lmao, lol, rofl, roflmao, rolling, tear, rolling on the floor laughing
😂: глаза, лол, плач, ржака, ржач, ржунимагу, слезы, смешно, умора, ха-ха, смеется до слез, crying, face, feels, funny, haha, happy, hehe, hilarious, joy, laugh, lmao, lol, rofl, roflmao, tear, face with tears of joy
🙂: легкая, лицо, радость, смайлик, улыбка, слегка улыбается, face, happy, slightly, smile, smiling, slightly smiling face
🙃: вверх, ногами, перевернутый, смайлик, тормашками, улыбка, вверх тормашками, face, hehe, smile, upside-down, upside-down face
🫠: грустная, жара, жарко, лол, нежность, печальная, плавится, растаять, таю, улыбка, тает, disappear, dissolve, embarrassed, face, haha, heat, hot, liquid, lol, melt, melting, sarcasm, sarcastic, melting face
😉: глаз, договорились, ироничная, легкая, окей, подмигивает, улыбка, флирт, хорошо, шутка, face, flirt, heartbreaker, sexy, slide, tease, wink, winking, winks, winking face
😊: глаза, довольный, закрытые, краснеть, легкая, радость, румянец, улыбка, щеки, довольно улыбается, blush, eye, eyes, face, glad, satisfied, smile, smiling, smiling face with smiling eyes
😇: ангел, глаза, добрый, закрытые, легкая, невинная, нимб, улыбка, с нимбом, angel, angelic, angels, blessed, face, fairy, fairytale, fantasy, halo, happy, innocent, peaceful, smile, smiling, spirit, tale, smiling face with halo
🥰: люблю, любовь, нежность, обожаю, радость, романтика, румянец, сердечки, улыбка, чувства, улыбающееся лицо с сердечками, 3, adore, crush, face, heart, hearts, ily, love, romance, smile, smiling, you, smiling face with hearts
😍: без ума, вау, влюбленность, восторг, глаза, люблю, обожаю, сердечки, чувства, влюбленное лицо, 143, bae, eye, face, feels, heart-eyes, hearts, ily, kisses, love, romance, romantic, smile, xoxo, smiling face with heart-eyes
🤩: вау, глаза, звезда, звездный, звезды, обалдеть, радость, супер, улыбка, широкая, звезды в глазах, excited, eyes, face, grinning, smile, star, star-struck, starry-eyed, wow
😘: воздушный, губы, комплимент, любовь, подмигивание, поцелуй, сердечко, скучаю, флирт, чмок, воздушный поцелуй, adorbs, bae, blowing, face, flirt, heart, ily, kiss, love, lover, miss, muah, romantic, smooch, xoxo, you, face blowing a kiss
😗: люблю, любовь, нежность, поцелуй, романтика, скучаю, флирт, чмок, целует, 143, date, dating, face, flirt, ily, kiss, love, smooch, smooches, xoxo, you, kissing face
☺: довольный, окей, радость, румянец, смайлик, счастье, улыбается, улыбка, хорошо, face, happy, outlined, relaxed, smile, smiling, smiling face
😚: глаза, закрытые, поцелуй, румянец, флирт, целовать, чмок, целует с закрытыми глазами, 143, bae, blush, closed, date, dating, eye, eyes, face, flirt, ily, kisses, kissing, smooches, xoxo, kissing face with closed eyes
😙: глаза, лицо, любовь, поцелуй, свидание, улыбка, флирт, чмок, счастливый поцелуй, 143, closed, date, dating, eye, eyes, face, flirt, ily, kiss, kisses, kissing, love, night, smile, smiling, kissing face with smiling eyes
🥲: боль, гордость, лицо, облегчение, признательность, радость, слеза, трогательный, улыбка, умиление, улыбающееся лицо со слезой, face, glad, grateful, happy, joy, pain, proud, relieved, smile, smiley, smiling, tear, touched, smiling face with tear
😋: вкус, вкусно, еда, лицо, объедение, отлично, смаковать, язык, delicious, eat, face, food, full, hungry, savor, smile, smiling, tasty, um, yum, yummy, face savoring food
😛: вот, высунуть, забавно, показывает, смешно, улыбка, ха, шутка, язык, показывает язык, awesome, cool, face, nice, party, stuck-out, sweet, tongue, face with tongue
😜: весело, глаз, забавно, подмигнуть, показать, розыгрыш, улыбка, ха-ха, шутка, язык, показывает язык и подмигивает, crazy, epic, eye, face, funny, joke, loopy, nutty, party, stuck-out, tongue, wacky, weirdo, wink, winking, yolo, winking face with tongue
🤪: крейзи, показать, псих, сдвиг, сошел, сумасшедший, ума, фазе, чокнуться, язык, сумасшедшее лицо, crazy, eye, eyes, face, goofy, large, small, zany, zany face
😝: бе, гадость, жмуриться, омг, отвращение, показать, противно, ужас, фу, язык, морщится и показывает язык, closed, eye, eyes, face, gross, horrible, omg, squinting, stuck-out, taste, tongue, whatever, yolo, squinting face with tongue
🤑: баксы, богатый, выиграть, деньги, джекпот, доллары, лотерея, мани, счастливчик, язык, деньги в глазах, face, money, money-mouth, mouth, paid, money-mouth face
🤗: встречи, обнимашки, объятия, пока, привет, радость, руки, румянец, увидимся, улыбка, обнимает, face, hands, hug, hugging, open, smiling, smiling face with open hands
🤭: лишнее, ляпнуть, посмеиваться, проговорился, секрет, смешок, сюрприз, тайна, упс, хи, прикрывает рот рукой, face, giggle, giggling, hand, mouth, oops, realization, secret, shock, sudden, surprise, whoops, face with hand over mouth
🫢: изумление, испуг, недоверие, смущение, страх, удивление, шок, прикрывает рот рукой с открытыми глазами, amazement, awe, disbelief, embarrass, eyes, face, gasp, hand, mouth, omg, open, over, quiet, scared, shock, surprise, face with open eyes and hand over mouth
🫣: глаз, интересно, испуг, подсматривает, рука, румянец, стесняюсь, страх, тайно, украдкой, captivated, embarrass, eye, face, hide, hiding, peek, peeking, peep, scared, shy, stare, face with peeking eye
🤫: говори, закрой, никому, секрет, тайна, тихо, тсс, узнает, услышать, шепот, тс-с-с, face, quiet, shh, shush, shushing, shushing face
🤔: думаю, знаю, интересно, мозгами, озадачен, пораскинуть, размышлять, сложно, трудно, хм, думает, chin, consider, face, hmm, ponder, pondering, thinking, wondering, thinking face
🫡: да, есть, окей, отдать, приветствие, приказ, сделаю, точно, хорошо, честь, воинское приветствие, face, good, luck, ma’am, ok, respect, salute, saluting, sir, troops, yes, saluting face
🤐: говори, замке, могила, молния, никому, рот, секрет, скажу, тайна, рот на замке, face, keep, mouth, quiet, secret, shut, zip, zipper, zipper-mouth, zipper-mouth face
🤨: быть, верю, может, не, недоверие, подозрение, правда, скептик, сомневаюсь, хм, не верит, disapproval, disbelief, distrust, emoji, eyebrow, face, hmm, mild, raised, skeptic, skeptical, skepticism, surprise, what, face with raised eyebrow
😐: безразличие, незаинтересованный, равнодушие, скептик, скучно, усталость, эмоций, все равно, awkward, blank, deadpan, expressionless, face, fine, jealous, meh, neutral, oh, shade, straight, unamused, unhappy, unimpressed, whatever, neutral face
😑: безразличие, надоело, незаинтересованный, нет, ничего, совсем, спать, усталость, эмоций, без эмоций, awkward, dead, expressionless, face, fine, inexpressive, jealous, meh, not, oh, omg, straight, uh, unhappy, unimpressed, whatever, expressionless face
😶: молчание, немой, нет, рыба, секрет, слов, тайна, тихо, тишина, тсс, лицо без рта, awkward, blank, expressionless, face, mouth, mouthless, mute, quiet, secret, silence, silent, speechless, face without mouth
🫥: грусть, депрессия, интроверт, исчезать, невидимка, печаль, пунктир, угнетение, усталость, лицо пунктиром, depressed, disappear, dotted, face, hidden, hide, introvert, invisible, line, meh, whatever, wtv, dotted line face
😶‍🌫: витающий в облаках, голова в облаках, лицо в облаках, лицо в тумане, рассеянный, absentminded, clouds, face, fog, head, face in clouds
😏: задумал, лицо, подмигнуть, подозрение, попался, пошутил, ухмылка, ухмыляется, хитрый, шутка, boss, dapper, face, flirt, homie, kidding, leer, shade, slick, sly, smirk, smug, snicker, suave, suspicious, swag, smirking face
😒: гадость, грустно, надоело, недовольный, противно, скука, скучно, тоска, фу, скучает, ..., bored, face, fine, jealous, jel, jelly, pissed, smh, ugh, uhh, unamused, unhappy, weird, whatever, unamused face
🙄: блин, глаза, закатить, закончится, когда, надоело, омг, скука, скучно, тоска, закатывает глаза, eyeroll, eyes, face, rolling, shade, ugh, whatever, face with rolling eyes
😬: злой, злость, злюсь, зубы, кривляться, показать, рожа, гримаса, awk, awkward, dentist, face, grimace, grimacing, grinning, smile, smiling, grimacing face
😮‍💨: вздох, выдох, выдыхает, облегчение, одышка, свист, шепот, blow, blowing, exhale, exhaling, exhausted, face, gasp, groan, relief, sigh, smiley, smoke, whisper, whistle, face exhaling
🤥: буратино, врать, врешь, лжец, лицо, ложь, обман, обманывать, пиноккио, face, liar, lie, lying, pinocchio, lying face
🫨: бум, вау, головокружение, обморок, омг, паника, трясется, удивление, ужас, шок, трясущееся лицо, crazy, daze, earthquake, face, omg, panic, shaking, shock, surprise, vibrate, whoa, wow, shaking face
🙂‍↔: несогласие, нет, отрицание, отрицательно качает головой, head, horizontally, no, shake, shaking, head shaking horizontally
🙂‍↕: да, кивок, подтверждение, положительно качает головой, согласие, head, nod, shaking, vertically, yes, head shaking vertically
😌: богу, довольный, облегчение, обошлось, пронесло, слава, улыбка, хорошо, испытывает облегчение, calm, face, peace, relief, relieved, zen, relieved face
😔: грустный, достало, жаль, задумчивый, мысли, плохо, разочарован, скучно, устал, размышляет, awful, bored, dejected, died, disappointed, face, losing, lost, pensive, sad, sucks, pensive face
😪: ночи, плакать, плач, пора, сон, спать, сплю, спокойной, устал, хочет спать, crying, face, good, night, sad, sleep, sleeping, sleepy, tired, sleepy face
🤤: лицо, пускает слюни, слюни, drooling, face, drooling face
😴: боковую, ночи, пора, сон, спать, спокойной, уснул, устал, храп, спит, bed, bedtime, face, good, goodnight, nap, night, sleep, sleeping, tired, whatever, yawn, zzz, sleeping face
🫩: без, глазами, истощение, мешки, под, сил, скучно, сон, спать, устал, лицо с мешками под глазами, bags, bored, exhausted, eyes, face, fatigued, late, sleepy, tired, weary, face with bags under eyes
😷: болеть, вирус, врач, заражение, карантин, маска, медик, микроб, простуда, санитар, в медицинской маске, cold, dentist, dermatologist, doctor, dr, face, germs, mask, medical, medicine, sick, face with medical mask
🤒: болеть, больной, вирус, градусник, грипп, жар, плохо, простуда, температура, с градусником во рту, face, ill, sick, thermometer, face with thermometer
🤕: бинт, болеть, больной, гипс, перевязка, повязка, пострадал, ударился, с перевязанной головой, bandage, face, head-bandage, hurt, injury, ouch, face with head-bandage
🤢: блевать, болезнь, выворачивать, вырвет, зеленый, морская, наизнанку, отравиться, плохо, тошнит, face, gross, nasty, nauseated, sick, vomit, nauseated face
🤮: блевать, болезнь, вырвало, гадость, морская, отравиться, плохо, рвота, тошнит, фу, barf, ew, face, gross, puke, sick, spew, throw, up, vomit, vomiting, face vomiting
🤧: апчхи, лицо, насморк, пчхи, чихает, face, fever, flu, gesundheit, sick, sneeze, sneezing, sneezing face
🥵: болеть, жар, лихорадка, плохо, пот, солнечный, температура, удар, умираю, язык, dying, face, feverish, heat, hot, panting, red-faced, stroke, sweating, tongue, hot face
🥶: болею, дубак, зубы, мерзнуть, мороз, озноб, синий, снег, стучат, холодно, мерзнет, blue, blue-faced, cold, face, freezing, frostbite, icicles, subzero, teeth, cold face
🥴: глазах, голова, кружится, мутит, окосел, плохо, плывет, пьяный, чувствует головокружение, dizzy, drunk, eyes, face, intoxicated, mouth, tipsy, uneven, wavy, woozy, woozy face
😵: болею, глаза, голова, крестики, кружится, мертвый, плохо, смерть, умереть, устал, головокружение, crossed-out, dead, dizzy, eyes, face, feels, knocked, out, sick, tired, face with crossed-out eyes
😵‍💫: гипноз, глаза, голова, замешательство, кружится, кучу, омг, сложно, тупик, шок, ошеломление, confused, dizzy, eyes, face, hypnotized, omg, smiley, spiral, trouble, whoa, woah, woozy, face with spiral eyes
🤯: быть, взрыв, голова, может, мозга, не, омг, шок, взрыв мозга, blown, explode, exploding, head, mind, mindblown, no, shocked, way, exploding head
🤠: веселый, вестерн, ковбой, радость, техас, улыбка, шапка, шляпа, в ковбойской шляпе, cowboy, cowgirl, face, hat, cowboy hat face
🥳: вечеринка, день, днюха, колпак, конфетти, отмечать, поздравляю, праздник, рождения, на вечеринке, bday, birthday, celebrate, celebration, excited, face, happy, hat, hooray, horn, party, partying, partying face
🥸: внешность, инкогнито, маскировка, нос, очки, профессор, усы, ученый, шпион, disguise, eyebrow, face, glasses, incognito, moustache, mustache, nose, person, spy, tache, tash, disguised face
😎: защита, клево, круто, лицо, очки, свет, солнечные, солнце, солнцезащитные, улыбка, лицо в темных очках, awesome, beach, bright, bro, chilling, cool, face, rad, relaxed, shades, slay, smile, style, sunglasses, swag, win, smiling face with sunglasses
🤓: ботан, заучка, интеллигент, очкарик, радость, улыбка, умник, эврика, brainy, clever, expert, face, geek, gifted, glasses, intelligent, nerd, smart, nerd face
🧐: дедукция, детектив, доказательства, изучение, монокль, расследование, сомнение, ученый, с моноклем, classy, face, fancy, monocle, rich, stuffy, wealthy, face with monocle
😕: замешательство, недовольный, непонятно, огорчен, плохо, расстроен, сбит, сомнение, толку, в замешательстве, befuddled, confused, confusing, dunno, face, frown, hm, meh, not, sad, sorry, sure, confused face
🫤: досадно, думаю, знаю, не, непонятно, огорчен, разочарован, скептик, уверен, с перекошенным ртом, confused, confusion, diagonal, disappointed, doubt, doubtful, face, frustrated, frustration, meh, mouth, skeptical, unsure, whatever, wtv, face with diagonal mouth
😟: беспокоится, беспокойство, лицо, расстройство, тревога, тревожность, anxious, butterflies, face, nerves, nervous, sad, stress, stressed, surprised, worried, worry, worried face
🙁: грустный, досада, недовольный, огорчен, печаль, плохо, разочарован, хмурый, немного грустит, face, frown, frowning, sad, slightly, slightly frowning face
☹: грустный, досада, недовольный, несчастный, очень, печаль, плохо, расстроен, грустит, face, frown, frowning, sad, frowning face
😮: вау, верю, изумление, невероятно, ого, омг, ошеломление, удивление, ужас, шок, believe, face, forgot, mouth, omg, open, shocked, surprised, sympathy, unbelievable, unreal, whoa, wow, you, face with open mouth
😯: вау, верю, неприятный, ого, омг, сюрприз, удивление, неприятный сюрприз, epic, face, hushed, omg, stunned, surprised, whoa, woah, hushed face
😲: вау, глаза, изумление, лоб, ого, омг, ох, потрясение, удивление, шок, в шоке, astonished, cost, face, no, omg, shocked, totally, way, astonished face
😳: извини, краснеет, обидел, прости, румянец, смущение, стесняется, стыдно, хотел, amazed, awkward, crazy, dazed, dead, disbelief, embarrassed, face, flushed, geez, heat, hot, impressed, jeez, what, wow, flushed face
🫪: выпучить, глаза, паника, тревога, удивление, шок, эмоции, лицо перекосило, anxiety, bloated, panic, shocked, surprised, vulnerable, distorted face
🥺: большие, глаза, грустно, почему, просить, сжалься, слезы, умолять, щенячьи, умоляет, begging, big, eyes, face, mercy, not, pleading, please, pretty, puppy, sad, why, pleading face
🥹: благодарность, восхищение, гордость, плакать, радость, слезы, счастья, умиление, еле сдерживает слезы, admiration, aww, back, cry, embarrassed, face, feelings, grateful, gratitude, holding, joy, please, proud, resist, sad, tears, face holding back tears
😦: изумление, испуг, неприятный, ого, омг, страх, сюрприз, устал, в изумлении, caught, face, frown, frowning, guard, mouth, open, scared, scary, surprise, what, wow, frowning face with open mouth
😧: боль, забыл, испуг, неприятный, омг, страдаю, стресс, сюрприз, удивление, страдает, anguished, face, forgot, scared, scary, stressed, surprise, unhappy, what, wow, anguished face
😨: беспокоится, боится, боюсь, волнуюсь, жуть, испуг, омг, страх, afraid, anxious, blame, face, fear, fearful, scared, worried, fearful face
😰: беспокоюсь, волнуюсь, грусть, замерз, плакать, плач, пот, страх, холодно, сильно беспокоится, anxious, blue, cold, eek, face, mouth, nervous, open, rushed, scared, sweat, yikes, anxious face with sweat
😥: беспокоюсь, грустно, облегчение, обошлось, плач, пот, пронесло, разочарован, тревога, фух, anxious, call, close, complicated, disappointed, face, not, relieved, sad, sweat, time, whew, sad but relieved face
😢: грустный, жаль, обидно, печаль, плакать, плач, слеза, плачет, awful, cry, crying, face, feels, miss, sad, tear, triste, unhappy, crying face
😭: за, навзрыд, несчастный, плач, почему, реветь, рекой, слезы, что, слезы рекой, bawling, cry, crying, face, loudly, sad, sob, tear, tears, unhappy, loudly crying face
😱: испуг, крик, кричать, нет, омг, страх, ужас, шок, в ужасе, epic, face, fear, fearful, munch, scared, scream, screamer, screaming, shocked, surprised, woah, face screaming in fear
😖: гадость, кринж, невкусно, непонятно, неприятно, растерян, сбит, толку, фу, в растерянности, annoyed, confounded, confused, cringe, distraught, face, feels, frustrated, mad, sad, confounded face
😣: боль, головная, достало, мигрень, настойчивость, упорный, упрямый, хватит, упорство, concentrate, concentration, face, focus, headache, persevere, persevering, persevering face
😞: виноват, грустно, жаль, лузер, неудача, обида, обижен, печаль, разочарован, устал, разочарование, awful, blame, dejected, disappointed, face, fail, losing, sad, unhappy, disappointed face
😓: беспокойство, боль, волнуюсь, головная, депресняк, нервничаю, поту, уныние, холодном, в холодном поту, close, cold, downcast, face, feels, headache, nervous, sad, scared, sweat, yikes, downcast face with sweat
😩: гадость, достало, надоело, нет, плач, сил, устал, фу, хватит, усталость, crying, face, fail, feels, hungry, mad, nooo, sad, sleepy, tired, unhappy, weary, weary face
😫: достало, надоело, очень, сильно, спать, устал, фу, хватит, сильная усталость, cost, face, feels, nap, sad, sneeze, tired, tired face
🥱: боковую, зевает, ночи, поздно, скука, скучно, спать, спокойной, устал, bedtime, bored, face, goodnight, nap, night, sleep, sleepy, tired, whatever, yawn, yawning, zzz, yawning face
😤: бешенстве, дым, зла, злость, зол, пар, пыхтеть, раздражение, в ожидании успеха, anger, angry, face, feels, fume, fuming, furious, fury, mad, nose, steam, triumph, unhappy, won, face with steam from nose
😡: бешенство, злой, кипит, красный, ненавижу, рак, рассержен, сердится, ярость, злится, anger, angry, enraged, face, feels, mad, maddening, pouting, rage, red, shade, unhappy, upset, enraged face
😠: бешенство, злиться, злость, рассержен, сердится, хмурится, anger, angry, blame, face, feels, frustrated, mad, maddening, rage, shade, unhappy, upset, angry face
🤬: браниться, брань, мат, материться, ругань, ругаться, цензура, censor, cursing, cussing, face, mad, mouth, pissed, swearing, symbols, face with symbols on mouth
😈: дьявол, зло, злорадная, рога, рожки, улыбка, черт, улыбающийся чертенок, demon, devil, evil, face, fairy, fairytale, fantasy, horns, purple, shade, smile, smiling, tale, smiling face with horns
👿: грусть, демон, дьявол, зло, расстроен, рога, рожки, хмурится, черт, злой чертенок, angry, demon, devil, evil, face, fairy, fairytale, fantasy, horns, imp, mischievous, purple, shade, tale, angry face with horns
💀: кости, мертвый, могила, монстр, смерть, умереть, череп, body, dead, death, face, fairy, fairytale, i’m, lmao, monster, skull, tale, yolo
☠: конец, кости, метка, опасно, пират, смерть, умереть, флаг, череп, череп и кости, bone, crossbones, dead, death, face, monster, skull, skull and crossbones
💩: вонючка, воняет, говно, кака, куча, улыбка, фу, шутка, какашка, bs, comic, doo, dung, face, fml, monster, pile, poo, poop, smelly, smh, stink, stinks, stinky, turd, pile of poo
🤡: арлекин, клоун, смех, смешно, улыбка, цирк, шут, clown, face, clown face
👹: чудовище, creature, devil, face, fairy, fairytale, fantasy, mask, monster, ogre, scary, tale
👺: гоблин, злой, монстр, сказка, страшный, тэнгу, чудище, японский, японский гоблин, angry, creature, face, fairy, fairytale, fantasy, goblin, mask, mean, monster, tale
👻: подмигнуть, привидение, призрак, смешной, улыбка, хэллоуин, boo, creature, excited, face, fairy, fairytale, fantasy, ghost, halloween, haunting, monster, scary, silly, tale
👽: внеземная, инопланетянин, космос, нло, пришелец, страшный, улыбка, цивилизация, alien, creature, extraterrestrial, face, fairy, fairytale, fantasy, monster, space, tale, ufo
👾: аркада, инопланетянин, космос, монстр, нло, пиксель, пришелец, чудовище, космический монстр, alien, creature, extraterrestrial, face, fairy, fairytale, fantasy, game, gamer, games, monster, pixelated, space, tale, ufo, alien monster
🤖: лицо, монстр, робот, страх, face, monster, robot
😺: домашнее, животное, кот, милашка, питомец, полосатый, улыбка, усы, ушастик, хорошо, улыбающийся кот, animal, cat, face, grinning, mouth, open, smile, smiling, grinning cat
😸: глаза, закрытые глаза, кот, кот с широкой улыбкой и закрытыми глазами, морда, смеющийся, улыбка, широкая улыбка, смеющийся кот, animal, cat, eye, eyes, face, grin, grinning, smile, smiling, grinning cat with smiling eyes
😹: веселье, кот, кот смеется, кот смеется до слез, морда, радость, слезы счастья, смеющийся до слез кот, смеющийся кот, счастье, animal, cat, face, joy, laugh, laughing, lol, tear, tears, cat with tears of joy
😻: влюбиться, влюбленный кот, кот, любовь, морда, сердечки, счастье, улыбка, animal, cat, eye, face, heart, heart-eyes, love, smile, smiling, smiling cat with heart-eyes
😼: кот, кот с ухмылкой, сарказм, улыбка, ухмылка, ухмыляющийся кот, хитрость, хитрый, animal, cat, face, ironic, smile, wry, cat with wry smile
😽: глаза, губы, кот, кот целует, морда, морды, поцелуй, целующий кот, animal, cat, closed, eye, eyes, face, kiss, kissing, kissing cat
🙀: в шоке, кот, кот в шоке, кот волнуется, морда, морды, удивление, усталость, animal, cat, face, oh, surprised, weary, weary cat
😿: грустно, жаль, кот, кот плачет, морда, печаль, плач, плачущий кот, слезы, animal, cat, cry, crying, face, sad, tear, crying cat
😾: злой, кот, морда, недовольный, раздраженный, злой кот, animal, cat, face, pouting, pouting cat
🙈: глаза, запрещено, зрение, нельзя, ничего не вижу, обезьяна, embarrassed, evil, face, forbidden, forgot, gesture, hide, monkey, no, omg, prohibited, scared, secret, smh, watch, see-no-evil monkey
🙉: запрещено, лапы, нельзя, ничего не слышу, обезьяна, слух, уши, animal, ears, evil, face, forbidden, gesture, hear, listen, monkey, no, not, prohibited, secret, shh, tmi, hear-no-evil monkey
🙊: закрыт, запрещено, лапы, молчание, ничего никому не скажу, обезьяна, рот, animal, evil, face, forbidden, gesture, monkey, no, not, oops, prohibited, quiet, secret, speak, stealth, speak-no-evil monkey
💌: валентинка, записка, любовное письмо, любовь, письмо, почта, тайна, heart, letter, love, mail, romance, valentine, love letter
💘: купидон, лук, любовь, сердце, пронзенное стрелой, стрела, 143, adorbs, arrow, cupid, date, emotion, heart, ily, love, romance, valentine, heart with arrow
💝: валентин, валентинка, лента, люблю, любовь, перевязано, подарок, сердце, сердце с лентой, 143, anniversary, emotion, heart, ily, kisses, ribbon, valentine, xoxo, heart with ribbon
💖: блеск, звездочки, любовь, радость, сверкающее сердце, сердце, 143, emotion, excited, good, heart, ily, kisses, morning, night, sparkle, sparkling, xoxo, sparkling heart
💗: биение, больше, влюбленность, любовь, размер, растущее сердце, ритм, сердце, чувства, 143, emotion, excited, growing, heart, heartpulse, ily, kisses, muah, nervous, pulse, xoxo, growing heart
💓: бьется, красное, пульсирует, пульсирующее, розовое, сердце, пульсирующее сердце, 143, beating, cardio, emotion, heart, heartbeat, ily, love, pulsating, pulse, beating heart
💞: вращающиеся сердца, вращение, два, круги, сердца, танец любви, 143, adorbs, anniversary, emotion, heart, hearts, revolving, revolving hearts
💕: влюблен, влюблена, влюбленные, два, любовь, отношения, свидание, сердечки, сердца, чувства, два сердца, 143, anniversary, date, dating, emotion, heart, hearts, ily, kisses, love, loving, two, xoxo, two hearts
💟: белое, значок, квадрат, любовь, сердце, сиреневый, фиолетовый, чувства, эмоция, значок «сердце», 143, decoration, emotion, heart, hearth, purple, white, heart decoration
❣: восклицание, восклицательный знак в виде сердца, знак, препинания, сердце, сердце в виде восклицательного знака, bang, exclamation, heart, heavy, mark, punctuation, heart exclamation
💔: разбитое, разочарование, сердце, части, разбитое сердце, break, broken, crushed, emotion, heart, heartbroken, lonely, sad, broken heart
❤‍🔥: горящее сердце, любовь, огонь, пламенное сердце, пламя, страсть, burn, fire, heart, love, lust, sacred, heart on fire
❤‍🩹: выздоровление, заживающее сердце, излечение, поправка, улучшение, хорошо, healthier, heart, improving, mending, recovering, recuperating, well, mending heart
❤: красное, любовь, свидание, сердце, чувства, эмоции, алое сердце, emotion, heart, love, red, red heart
🩷: люблю, любовь, мило, нравится, розовое, сердце, розовое сердце, 143, adorable, cute, emotion, heart, ily, like, love, pink, special, sweet, pink heart
🧡: любовь, оранжевое, свидание, сердце, чувства, эмоции, оранжевое сердце, 143, heart, orange, orange heart
💛: желтое, любовь, сердце, чувство, эмоции, желтое сердце, 143, cardiac, emotion, heart, ily, love, yellow, yellow heart
💚: зеленое, любовь, сердце, чувства, эмоции, зеленое сердце, 143, emotion, green, heart, ily, love, romantic, green heart
💙: голубое, любовь, сердце, синее, чувства, эмоции, синее сердце, 143, blue, emotion, heart, ily, love, romance, blue heart
🩵: бирюзовое, голубое, люблю, любовь, милый, нравится, сердечко, сердце, чувства, голубое сердце, 143, blue, cute, cyan, emotion, heart, ily, light, like, love, sky, special, teal, light blue heart
💜: любовь, сердце, сиреневое, фиолетовое, чувства, эмоции, фиолетовое сердце, 143, bestest, emotion, heart, ily, love, purple, purple heart
🤎: коричневое, любовь, сердце, чувства, эмоции, коричневое сердце, 143, brown, heart, brown heart
🖤: злое, сердце, черное, черное сердце, black, evil, heart, wicked, black heart
🩶: любовь, сердце, серебряное, серое, серое сердце, 143, emotion, gray, grey, heart, ily, love, silver, slate, special, grey heart
🤍: белое, любовь, сердце, чувства, эмоции, белое сердце, 143, heart, white, white heart
💋: губы, любовь, помада, поцелуй, романтика, свидание, целовать, чувства, эмоции, след от поцелуя, dating, emotion, heart, kiss, kissing, lips, mark, romance, sexy, kiss mark
💯: 100, именно, сотка, сотня, сто, сто баллов, сто процентов, сто пудов, точно, a+, agree, clearly, definitely, faithful, fleek, full, hundred, keep, perfect, point, score, true, truth, yup, hundred points
💢: гнев, злость, значок «гнев», ярость, anger, angry, comic, mad, symbol, upset, anger symbol
🫯: агрессия, драться, заварушка, конфликт, потасовка, разборка, склоки, спор, драка, argument, brawl, debate, disagreement, fight, ruckus, wrestle, fight cloud
💥: бомба, бум, взрыв, вспышка, искра, столкновение, bomb, boom, collide, collision, comic, explode
💫: астероид, головокружение, звезда, звездочка, звезды, метеорит, кружащаяся звезда, comic, dizzy, shining, shooting, star, stars
💦: брызги, вода, капать, капельки, капли, мокрый, пот, тренировка, капли пота, comic, drip, droplet, droplets, drops, splashing, squirt, sweat, water, wet, work, workout, sweat droplets
💨: быстро, дым, исчезновение, облако, облачко, пукнуть, пыли, пыль, убежать, away, cloud, comic, dash, dashing, fart, fast, go, gone, gotta, running, smoke, dashing away
🕳: дыра, люк, отверстие, пропасть, черная, hole
💬: диалог, идеи, многоточие, мысли, мысль, облачко, речь, сообщение, текст, облачко с многоточием, balloon, bubble, comic, dialog, message, sms, speech, talk, text, typing, speech balloon
👁‍🗨: глаз, подсматривать, преследование, свидетель, символ, значок свидетеля, balloon, bubble, eye, speech, witness, eye in speech bubble
🗨: диалог, мнение, мысль, облачко, речь, слева, пустое облачко, balloon, bubble, dialog, left, speech, left speech bubble
🗯: бабл, гнев, комикс, негатив, облачко, справа, ярость, гневное облачко, anger, angry, balloon, bubble, mad, right, right anger bubble
💭: идеи, изобретения, мечты, мысли, облачко, размышления, облачко с мыслями, balloon, bubble, cartoon, cloud, comic, daydream, decisions, dream, idea, invent, invention, realize, think, thoughts, wonder, thought balloon
💤: ночи, ночь, сон, спать, спокойной, храп, comic, good, goodnight, night, sleep, sleeping, sleepy, tired, zzz
👋: взмах, привет, приветствие, прощание, рука, машет рукой, bye, cya, g2g, greetings, gtg, hand, hello, hey, hi, later, outtie, ttfn, ttyl, wave, yo, you, waving hand
🤚: ладонь, поднятая, сторона, тыльная, поднятая рука, back, backhand, hand, raised, raised back of hand
🖐: ладонь, пальцы, раскрытая, рука, стоп, раскрытая ладонь, finger, fingers, hand, raised, splayed, stop, hand with fingers splayed
✋: вверх, ладонь, пальцы, поднятая, пять, рука, стоп, поднятая ладонь, 5, five, hand, high, raised, stop, raised hand
🖖: вулканский, жест, пальцы, приветствие, рука, спок, вулканский салют, finger, hand, hands, salute, vulcan, vulcan salute
🫱: вправо, кисть, направо, рука, рукопожатие, рука вправо, hand, handshake, hold, reach, right, rightward, rightwards, shake, rightwards hand
🫲: влево, кисть, налево, рука, рукопожатие, рука влево, hand, handshake, hold, left, leftward, leftwards, reach, shake, leftwards hand
🫳: бросить, ладонь вниз, отпустить, рука, рука ладонью вниз, dismiss, down, drop, dropped, hand, palm, pick, shoo, up, palm down hand
🫴: вверх, жест, ладонь, манить, подзывать, поднимать, подойди, позвать, предложить, рука, скажи, рука ладонью вверх, beckon, catch, come, hand, hold, know, lift, me, offer, palm, tell, palm up hand
🫷: влево, ждать, нет, отказ, подождать, подожди, пять, стоп, толкать, рука ладонью влево, block, five, halt, hand, high, hold, leftward, leftwards, pause, push, pushing, refuse, slap, stop, wait, leftwards pushing hand
🫸: вправо, ждать, нет, отказ, подождать, подожди, пять, стоп, толкать, рука ладонью вправо, block, five, halt, hand, high, hold, pause, push, pushing, refuse, rightward, rightwards, slap, stop, wait, rightwards pushing hand
👌: жест, ок, окей, отлично, рука, хорошо, ясно, жест «все хорошо», awesome, bet, dope, fleek, fosho, got, gotcha, hand, legit, ok, okay, pinch, rad, sure, sweet, three, ok hand
🤌: вопрос, жест, пальцы, рега, сарказм, щепотка, щепоть, fingers, gesture, hand, hold, huh, interrogation, patience, pinched, relax, sarcastic, ugh, what, zip, pinched fingers
🤏: жест, мало, небольшое количество, немного, чуть-чуть, жест «мало», amount, bit, fingers, hand, little, pinching, small, sort, pinching hand
✌: виктория, жест, мир, пальцы, победа, рука, жест v, hand, peace, v, victory, victory hand
🤞: везение, жест, пальцы, скрестить, скрещенные, удача, скрещенные пальцы, cross, crossed, finger, fingers, hand, luck, crossed fingers
🫰: деньги, дорого, жест, сердечко, щелчок, жест «деньги», &lt;3, crossed, expensive, finger, hand, heart, index, love, money, snap, thumb, hand with index finger and thumb crossed
🤟: жест, люблю, пальца, пальцы, рука, три, я-тебя-люблю, fingers, gesture, hand, ily, love, love-you, three, you, love-you gesture
🤘: жест, коза, пальцы, рок, рокерский, рука, фанат, рокерский жест, finger, hand, horns, rock-on, sign, sign of the horns
🤙: жест, набери, позвони, рука, серферский, шака, жест «позвони мне», call, hand, hang, loose, me, shaka, call me hand
👈: влево, жест, налево, направление, палец, рука, тыльная, указательный, указывать, указывающий, указывающий налево палец, backhand, finger, hand, index, left, point, pointing, backhand index pointing left
👉: вправо, жест, направление, направо, палец, рука, тыльная, указательный, указывать, указывающий, указывающий направо палец, backhand, finger, hand, index, point, pointing, right, backhand index pointing right
👆: вверх, выше, жест, наверх, направление, палец, рука, тыльная, указательный, указывать, указывающий, указывающий вверх палец, backhand, finger, hand, index, point, pointing, up, backhand index pointing up
🖕: жест, палец, рука, средний, фак, средний палец, finger, hand, middle, middle finger
👇: вниз, жест, направление, ниже, палец, рука, тыльная, указательный, указывать, указывающий, указывающий вниз палец, backhand, down, finger, hand, index, point, pointing, backhand index pointing down
☝: вверх, внимание, направление, палец, послушайте, рука, указательный, указательный палец вверх, finger, hand, index, point, pointing, this, up, index pointing up
🫵: жест, палец, показать, рука, ты, указательный, указывать, указательный палец на себя, at, finger, hand, index, pointing, poke, viewer, you, index pointing at the viewer
👍: вверх, договорились, жест, лайк, нравится, одобрение, отлично, палец, рука, супер, хорошо, большой палец вверх, +1, good, hand, like, thumb, up, yes, thumbs up
👎: бу, вниз, недоволен, недовольна, нет, палец, плохо, порицание, рука, фу, большой палец вниз, -1, bad, dislike, down, good, hand, no, nope, thumb, thumbs, thumbs down
✊: кулак, пальцы, поднятый кулак, рука, удар, clenched, fist, hand, punch, raised, solidarity, raised fist
👊: бокс, боксировать, бро, кулак, кулачок, опасность, рука, удар, absolutely, agree, boom, bro, bruh, bump, clenched, correct, fist, hand, knuckle, oncoming, pound, punch, rock, ttyl, oncoming fist
🤛: влево, кулак, рука, кулак влево, fist, left-facing, leftwards, left-facing fist
🤜: вправо, кулак, рука, кулак вправо, fist, right-facing, rightwards, right-facing fist
👏: аплодисменты, движение, жест, овация, рука, хлопать, applause, approval, awesome, clap, congrats, congratulations, excited, good, great, hand, homie, job, nice, prayed, well, yay, clapping hands
🙌: вверх, жест, класс, отлично, победа, руки, ура, celebration, gesture, hand, hands, hooray, praise, raised, raising, raising hands
🫶: жест, любовь, руки, сердце, жест «сердце», &lt;3, hands, heart, love, you, heart hands
👐: врозь, ладони, открытые, рука, руки, ладони в стороны, hand, hands, hug, jazz, open, swerve, open hands
🤲: вверх, вместе, горсть, дуа, желание, ладони, лодочкой, молитва, молиться, руки, ладони лодочкой, cupped, dua, hands, palms, pray, prayer, together, up, wish, palms up together
🤝: встреча, договорились, руки, рукопожатие, согласие, соглашение, agreement, deal, hand, handshake, meeting, shake
🙏: молитва, пожалуйста, просьба, прошу, руки, сложенные, спасибо, умолять, сложенные руки, appreciate, ask, beg, blessed, bow, cmon, five, folded, gesture, hand, high, please, pray, thanks, thx, folded hands
✍: бумага, написать, писать, письмо, пишет, пишу, пишущая, рука, ручка, пишущая рука, hand, write, writing, writing hand
💅: готово, кисть, косметика, лак, маникюр, ногти, пальцы, руки, скука, уход, bored, care, cosmetics, done, makeup, manicure, nail, polish, whatever, nail polish
🤳: селфи, снимок, телефон, camera, phone, selfie
💪: атлет, бицепс, зал, качать, качок, мышцы, сила, спорт, arm, beast, bench, biceps, bodybuilder, bro, curls, flex, gains, gym, jacked, muscle, press, ripped, strong, weightlift, flexed biceps
🦾: возможности, инвалид, инвалидность, механическая, ограниченные, протез, рука, механическая рука, accessibility, arm, mechanical, prosthetic, mechanical arm
🦿: возможности, инвалид, инвалидность, механическая, нога, ограниченные, протез, механическая нога, accessibility, leg, mechanical, prosthetic, mechanical leg
🦵: бедро, голень, колено, конечность, нога, пинать, пинок, стопа, bent, foot, kick, knee, leg, limb
🦶: лодыжка, нога, стопа, ступня, щиколотка, ankle, feet, foot, kick, stomp
👂: звук, подслушивать, слушать, слышать, тело, ухо, человек, body, ear, ears, hear, hearing, listen, listening, sound
🦻: аппарат, возможности, глухота, ограниченные, слабослышащий, слух, слуховой, ухо, ухо со слуховым аппаратом, accessibility, aid, ear, hard, hearing, ear with hearing aid
👃: нос, тело, человек, body, nose, noses, nosey, odor, smell, smells
🧠: интеллект, мозг, разум, ум, умная, умный, brain, intelligent, smart
🫀: анатомия, кардиология, красный, орган, пульс, сердце, сердцебиение, человеческое, сердце человека, anatomical, beat, cardiology, heart, heartbeat, organ, pulse, real, red, anatomical heart
🫁: вдох, выдох, дыхание, дышать, легкие, легкое, орган, breath, breathe, exhalation, inhalation, lung, lungs, organ, respiration
🦷: белый, дантист, зуб, зубной, зубы, стоматолог, dentist, pearly, teeth, tooth, white
🦴: костлявый, косточка, кость, скелет, собака, bone, bones, dog, skeleton, wishbone
👀: глаза, два, наблюдать, подглядывать, смотреть, тело, человек, body, eye, eyes, face, googly, look, looking, omg, peep, see, seeing
👁: глаз, зрачок, тело, человек, 1, body, eye, one
👅: розовый, рот, язык, body, lick, slurp, tongue
👄: алые, губы, зубы, красные, накрашенные губы, помада, рот, beauty, body, kiss, kissing, lips, lipstick, mouth
🫦: беспокоиться, беспокойство, волнение, губы, кусать, переживания, помада, укус, флирт, кусать губы, anxious, bite, biting, fear, flirt, flirting, kiss, lip, lipstick, nervous, sexy, uncomfortable, worried, worry, biting lip
👶: дитя, карапуз, маленький, младенец, ребенок, babies, baby, children, goo, infant, newborn, pregnant, young
🧒: гендерно нейтральный, дитя, малыш, ребенок, bright-eyed, child, grandchild, kid, young, younger
👦: дитя, маленький, малыш, мальчик, ребенок, сын, boy, bright-eyed, child, grandson, kid, son, young, younger
👧: девочка, дитя, маленькая, малышка, ребенок, bright-eyed, child, daughter, girl, granddaughter, kid, virgo, young, younger, zodiac
🧑: взрослый, гендерно нейтральный, совершеннолетний, adult, person
👱: блондин, волосы, молодой, мужское лицо, мужчина, парень, светлые, человек, человек со светлыми волосами, blond, blond-haired, human, person, person: blond hair
👨: брат, взрослый, друг, мужчина, усы, человек, adult, bro, man
🧔: борода, бородатый человек, бородач, мужчина, beard, bearded, person, whiskers, person: beard
🧔‍♂: борода, бородатый мужчина, мужчина, beard, bearded, man, whiskers, man: beard
👱‍♂: блондин, мужчина, мужчина со светлыми волосами, светлые волосы, человек со светлыми волосами, blond, blond-haired, hair, man, man: blond hair
👩: взрослая, волосы, девушка, длинные, женщина, леди, человек, adult, lady, woman
🧔‍♀: борода, бородатая женщина, женщина, beard, bearded, whiskers, woman, woman: beard
👱‍♀: блондинка, женщина, женщина со светлыми волосами, светлые волосы, человек со светлыми волосами, blond, blond-haired, blonde, hair, woman, woman: blond hair
🧓: в возрасте, гендерно нейтральный, пожилой, пожилой человек, старый, adult, elderly, grandparent, old, person, wise, older person
👴: возраст, годы, дедушка, мужчина, пожилой, старик, старый, человек, пожилой мужчина, adult, bald, elderly, gramps, grandfather, grandpa, man, old, wise, old man
👵: бабушка, женщина, пожилая, старая, старуха, старушка, человек, пожилая женщина, adult, elderly, grandma, grandmother, granny, lady, old, wise, woman, old woman
🙍: грустит, грусть, грущу, лицо, нахмурившийся человек, обида, печаль, расстроен, хмурый, человек, annoyed, disappointed, disgruntled, disturbed, frown, frowning, frustrated, gesture, irritated, person, upset, person frowning
🙍‍♂: мужчина, нахмурившийся мужчина, расстроен, хмурый, человек, annoyed, disappointed, disgruntled, disturbed, frown, frowning, frustrated, gesture, irritated, man, upset, man frowning
🙍‍♀: женщина, нахмурившаяся женщина, расстроена, хмурая, человек, annoyed, disappointed, disgruntled, disturbed, frown, frowning, frustrated, gesture, irritated, upset, woman, woman frowning
🙎: губы, зла, зол, надоело, надуть, обижен, огорчен, раздражение, разочарование, расстроен, обиженный человек, disappointed, downtrodden, frown, grimace, person, pouting, scowl, sulk, upset, whine, person pouting
🙎‍♂: губы, зол, надуть, обида, обижен, огорчен, разочарован, расстроен, хмурый, обиженный мужчина, disappointed, downtrodden, frown, grimace, man, pouting, scowl, sulk, upset, whine, man pouting
🙎‍♀: недовольство, обида, обиженная, обиженная женщина, disappointed, downtrodden, frown, grimace, pouting, scowl, sulk, upset, whine, woman, woman pouting
🙅: возражаю, жест, запрет, нельзя, нет, отказ, против, хватит, человек против, forbidden, gesture, hand, no, not, person, prohibit, person gesturing no
🙅‍♂: возражение, жест, запрет, мужчина, нельзя, нет, отказ, против, хватит, мужчина против, forbidden, gesture, hand, man, no, not, prohibit, man gesturing no
🙅‍♀: женщина, женщина против, жест, запрещено, нельзя, руки, forbidden, gesture, hand, no, not, prohibit, woman, woman gesturing no
🙆: вверх, домик, за, зарядка, окей, омг, отлично, руки, хорошо, человек за, exercise, gesture, gesturing, hand, ok, omg, person, person gesturing ok
🙆‍♂: вверх, жест, за, зарядка, мужчина, окей, омг, отлично, руки, хорошо, мужчина за, exercise, gesture, gesturing, hand, man, ok, omg, man gesturing ok
🙆‍♀: женщина, женщина за, жест, ок, окей, отлично, руки, exercise, gesture, gesturing, hand, ok, omg, woman, woman gesturing ok
💁: выдать, жест, знаю, информацию, не, себе, секрет, сплетни, так, человек тянет руку, fetch, flick, flip, gossip, hand, person, sarcasm, sarcastic, sassy, seriously, tipping, whatever, person tipping hand
💁‍♂: выдать, жест, знаю, информацию, мужчина, не, себе, секрет, сплетни, так, мужчина тянет руку, fetch, flick, flip, gossip, hand, man, sarcasm, sarcastic, sassy, seriously, tipping, whatever, man tipping hand
💁‍♀: женщина тянет руку, информация, помощь, рука, fetch, flick, flip, gossip, hand, sarcasm, sarcastic, sassy, seriously, tipping, whatever, woman, woman tipping hand
🙋: вопрос, задать, знаю, ответить, поднять, руку, сказать, спросить, хочу, человек с поднятой рукой, gesture, hand, here, know, me, person, pick, question, raise, raising, person raising hand
🙋‍♂: вопрос, задать, знаю, ответить, поднять, руку, сказать, спросить, хочу, мужчина с поднятой рукой, gesture, hand, here, know, man, me, pick, question, raise, raising, man raising hand
🙋‍♀: женщина, женщина с поднятой рукой, жест, поднятая рука, рука, gesture, hand, here, know, me, pick, question, raise, raising, woman, woman raising hand
🧏: глухой, жестов, немой, слышать, сурдопереводчик, ухо, язык, глухой человек, accessibility, deaf, ear, gesture, hear, person, deaf person
🧏‍♂: глухой, глухота, мужчина, глухой мужчина, accessibility, deaf, ear, gesture, hear, man, deaf man
🧏‍♀: глухая, глухота, женщина, глухая женщина, accessibility, deaf, ear, gesture, hear, woman, deaf woman
🙇: виноват, жаль, извини, пожалуйста, поклон, прости, прошу, прощения, стыд, человек кланяется, apology, ask, beg, bow, bowing, favor, forgive, gesture, meditate, meditation, person, pity, regret, sorry, person bowing
🙇‍♂: извинение, мужчина, мужчина кланяется, поклон, просьба, прощение, apology, ask, beg, bow, bowing, favor, forgive, gesture, man, meditate, meditation, pity, regret, sorry, man bowing
🙇‍♀: виновата, жаль, извини, пожалуйста, поклон, прости, прошу, прощения, стыд, женщина кланяется, apology, ask, beg, bow, bowing, favor, forgive, gesture, meditate, meditation, pity, regret, sorry, woman, woman bowing
🤦: надоело, нет, омг, позор, раздражение, слов, фейспалм, хватит, человек потерял дар речи, again, bewilder, disbelief, exasperation, facepalm, no, not, oh, omg, person, shock, smh, person facepalming
🤦‍♂: мужчина, надоело, нет, омг, позор, раздражение, слов, фейспалм, хватит, мужчина потерял дар речи, again, bewilder, disbelief, exasperation, facepalm, man, no, not, oh, omg, shock, smh, man facepalming
🤦‍♀: женщина, надоело, нет, омг, позор, раздражение, слов, фейспалм, хватит, женщина потеряла дар речи, again, bewilder, disbelief, exasperation, facepalm, no, not, oh, omg, shock, smh, woman, woman facepalming
🤷: все, может, плечами, пожимает, равно, равнодушие, сомнение, человек, человек пожимает плечами, doubt, dunno, guess, idk, ignorance, indifference, knows, maybe, person, shrug, shrugging, whatever, who, person shrugging
🤷‍♂: все, может, мужчина, плечами, пожимает, равно, равнодушие, сомнение, мужчина пожимает плечами, doubt, dunno, guess, idk, ignorance, indifference, knows, man, maybe, shrug, shrugging, whatever, who, man shrugging
🤷‍♀: все, женщина, может, плечами, пожимает, равно, равнодушие, сомнение, женщина пожимает плечами, doubt, dunno, guess, idk, ignorance, indifference, knows, maybe, shrug, shrugging, whatever, who, woman, woman shrugging
🧑‍⚕: врач, доктор, медбрат, медицина, медицинский работник, медсестра, терапевт, doctor, health, healthcare, nurse, therapist, worker, health worker
👨‍⚕: врач, доктор, медбрат, мужчина, терапевт, doctor, health, healthcare, man, nurse, therapist, worker, man health worker
👩‍⚕: врач, доктор, докторка, докторша, женщина, медсестра, женщина-врач, doctor, health, healthcare, nurse, therapist, woman, worker, woman health worker
🧑‍🎓: бакалавр, выпускник, студент, учащийся, graduate, student
👨‍🎓: бакалавр, вуз, выпуск, выпускник, мужчина, образование, университет, учеба, студент, graduate, man, student, man student
👩‍🎓: аспирантка, выпускница, девушка, женщина, студентка, graduate, student, woman, woman student
🧑‍🏫: инструктор, педагог, преподаватель, профессор, учитель, instructor, lecturer, professor, teacher
👨‍🏫: инструктор, мужчина, преподаватель, профессор, учитель, instructor, lecturer, man, professor, teacher, man teacher
👩‍🏫: женщина, инструктор, лектор, преподаватель, профессор, учительница, instructor, lecturer, professor, teacher, woman, woman teacher
🧑‍⚖: весы, правосудие, судья, фемида, judge, justice, law, scales
👨‍⚖: закон, мужчина, правосудие, справедливый, суд, судья, мужчина-судья, judge, justice, law, man, scales, man judge
👩‍⚖: женщина, закон, правосудие, справедливая, справедливость, суд, судья, женщина-судья, judge, justice, law, scales, woman, woman judge
🧑‍🌾: дачник, садовник, скотовод, фермер, farmer, gardener, rancher
👨‍🌾: вилы, дачник, мужчина, огород, садовник, сено, соломенная, урожай, шляпа, мужчина-фермер, farmer, gardener, man, rancher, man farmer
👩‍🌾: вилы, дачница, женщина, огород, садовница, сено, соломенная, урожай, шляпа, женщина-фермер, farmer, gardener, rancher, woman, woman farmer
🧑‍🍳: повар, шеф, шеф-повар, chef, cook
👨‍🍳: готовить, еда, мужчина, повар, шеф, мужчина-повар, chef, cook, man, man cook
👩‍🍳: готовить, еда, женщина, кухарка, повар, повариха, шеф, chef, cook, woman, woman cook
🧑‍🔧: механик, сантехник, специалист, электрик, electrician, mechanic, plumber, tradesperson
👨‍🔧: механик, мужчина, сантехник, электрик, мужчина-механик, electrician, man, mechanic, plumber, tradesperson, man mechanic
👩‍🔧: женщина, женщина-механик, механик, сантехник, электрик, electrician, mechanic, plumber, tradesperson, woman, woman mechanic
🧑‍🏭: завод, промышленность, рабочий, assembly, factory, industrial, worker, factory worker
👨‍🏭: завод, мужчина, промышленность, рабочий, мужчина-рабочий, assembly, factory, industrial, man, worker, man factory worker
👩‍🏭: женщина, завод, инженер, промышленность, работница, рабочий, строитель, assembly, factory, industrial, woman, worker, woman factory worker
🧑‍💼: белый воротничок, бизнес, менеджер, офис, офисный работник, architect, business, manager, office, white-collar, worker, office worker
👨‍💼: белый, бизнесмен, воротничок, галстук, менеджер, мужчина, офисный, работник, офисный работник - мужчина, architect, business, man, manager, office, white-collar, worker, man office worker
👩‍💼: бизнес, деловая, женщина, офис, работница, секретарь, офисная работница, architect, business, manager, office, white-collar, woman, worker, woman office worker
🧑‍🔬: биолог, инженер, наука, ученый, физик, химик, biologist, chemist, engineer, mathematician, physicist, scientist
👨‍🔬: биолог, инженер, мужчина, наука, ученый, химик, мужчина-ученый, biologist, chemist, engineer, man, mathematician, physicist, scientist, man scientist
👩‍🔬: биология, женщина, инженер, математик, наука, ученая, химия, biologist, chemist, engineer, mathematician, physicist, scientist, woman, woman scientist
🧑‍💻: инженер, ноутбук, программист, разработчик, технарь, coder, computer, developer, inventor, software, technologist
👨‍💻: инженер, мужчина, ноутбук, программист, разработчик, технарь, мужчина-инженер, coder, computer, developer, inventor, man, software, technologist, man technologist
👩‍💻: женщина, инженер, код, компьютер, ноутбук, программистка, разработчица, технарь, женщина-инженер, coder, computer, developer, inventor, software, technologist, woman, woman technologist
🧑‍🎤: актер, звезда, певец, пение, развлечения, рок, actor, entertainer, rock, rockstar, singer, star
👨‍🎤: жест, звезда, исполнитель, коза, мужчина, музыка, певец, рок, сцена, мужчина-певец, actor, entertainer, man, rock, rockstar, singer, star, man singer
👩‍🎤: женщина, жест, звезда, исполнительница, коза, музыка, певица, рок, сцена, actor, entertainer, rock, rockstar, singer, star, woman, woman singer
🧑‍🎨: кисти, палитра, художник, artist, palette
👨‍🎨: кисти, краски, мужчина, палитра, художник, мужчина-художник, artist, man, palette, man artist
👩‍🎨: арт, галерея, женщина, живопись, картины, краски, рисование, творчество, художница, artist, palette, woman, woman artist
🧑‍✈: летчик, пилот, самолет, pilot, plane
👨‍✈: мужчина, пилот, самолет, мужчина-пилот, man, pilot, plane, man pilot
👩‍✈: женщина, женщина-пилот, пилот, самолет, pilot, plane, woman, woman pilot
🧑‍🚀: астронавт, космонавт, ракета, astronaut, rocket, space
👨‍🚀: астронавт, космонавт, космос, мужчина, мужчина-космонавт, astronaut, man, rocket, space, man astronaut
👩‍🚀: астронавт, женщина, корабль, космонавт, пилот, скафандр, женщина-космонавт, astronaut, rocket, space, woman, woman astronaut
🧑‍🚒: пожарная машина, пожарный, fire, firefighter, firetruck
👨‍🚒: мужчина, огонь, пожарный, профессия, спасатель, тушить, мужчина-пожарный, fire, firefighter, firetruck, man, man firefighter
👩‍🚒: женщина, огонь, пожарная, профессия, спасательница, тушить, женщина-пожарный, fire, firefighter, firetruck, woman, woman firefighter
👮: блюститель, закон, коп, милиция, органы, полицейский, порядка, правоохранительные, apprehend, arrest, citation, cop, law, officer, over, police, pulled, undercover, police officer
👮‍♂: лицо, мужчина, мужчина-полицейский, охрана, полицейский, полиция, человек, apprehend, arrest, citation, cop, law, man, officer, over, police, pulled, undercover, man police officer
👮‍♀: блюстительница, закон, коп, милиция, органы, полицейская, порядка, правоохранительные, женщина-полицейский, apprehend, arrest, citation, cop, law, officer, over, police, pulled, undercover, woman, woman police officer
🕵: детектив, ищейка, расследование, сыщик, шпион, detective, sleuth, spy
🕵‍♂: детектив, ищейка, мужчина, мужчина-детектив, расследование, сыщик, шпион, detective, man, sleuth, spy, man detective
🕵‍♀: детектив, женщина, женщина-детектив, ищейка, расследование, сыщик, шпионка, detective, sleuth, spy, woman, woman detective
💂: гвардеец, гвардия, караул, охрана, почетный, солдат, шапка, шлем, buckingham, guard, helmet, london, palace
💂‍♂: гвардия, мужчина, мужчина-гвардеец, охрана, почетный караул, солдат, buckingham, guard, helmet, london, man, palace, man guard
💂‍♀: букингемский, гвардеец, дворец, женщина, караул, королева, лондон, почетный, стража, женщина-гвардеец, buckingham, guard, helmet, london, palace, woman, woman guard
🥷: воин, диверсант, ниндзя, синоби, скрытный, солдат, убийца, человек, шпион, assassin, fight, fighter, hidden, ninja, person, secret, skills, sly, soldier, stealth, war
👷: инженер, каска, лицо, рабочий, ремонт, ремонтник, строитель, строить, стройка, build, construction, fix, hardhat, hat, man, person, rebuild, remodel, repair, work, worker, construction worker
👷‍♂: инженер, каска, мужчина, мужчина-строитель, рабочий, строитель, стройка, build, construction, fix, hardhat, hat, man, rebuild, remodel, repair, work, worker, man construction worker
👷‍♀: женщина, инженер, каска, мастерская, ремонтница, служба, строитель, женщина-строитель, build, construction, fix, hardhat, hat, man, rebuild, remodel, repair, woman, work, worker, woman construction worker
🫅: владыка, власть, князь, король, монарх, правитель, престол, царь, человек с короной, crown, monarch, noble, person, regal, royal, royalty, person with crown
🤴: королевство, король, корона, принц, притча, сказка, фэнтези, crown, fairy, fairytale, fantasy, king, prince, royal, royalty, tale
👸: королева, королевство, корона, победительница, принцесса, притча, сказка, тиара, фэнтези, crown, fairy, fairytale, fantasy, princess, queen, royal, royalty, tale
👳: индус, повязка, ранение головы, религия, сикх, тюрбан, чалма, человек, человек в тюрбане, person, turban, wearing, person wearing turban
👳‍♂: мужчина, мужчина в тюрбане, тюрбан, man, turban, wearing, man wearing turban
👳‍♀: женщина, женщина в тюрбане, тюрбан, turban, wearing, woman, woman wearing turban
👲: китай, китайский, мужчина в китайской шапке, человек, шапка, cap, chinese, gua, guapi, hat, mao, person, pi, skullcap, person with skullcap
🧕: женщина в платке, женщина с платком, закрытые волосы, мантилья, монахиня, монашка, платок, прикрытые волосы, тичел, хиджаб, bandana, head, headscarf, hijab, kerchief, mantilla, tichel, woman, woman with headscarf
🤵: жених, мужчина, мужчина в смокинге, смокинг, человек, человек в смокинге, formal, person, tuxedo, wedding, person in tuxedo
🤵‍♂: мужчина, мужчина в смокинге, смокинг, formal, groom, man, tuxedo, wedding, man in tuxedo
🤵‍♀: женщина, женщина в смокинге, смокинг, formal, tuxedo, wedding, woman, woman in tuxedo
👰: невеста, свадьба, фата, person, veil, wedding, person with veil
👰‍♂: мужчина, мужчина в фате, фата, man, veil, wedding, man with veil
👰‍♀: женщина, женщина в фате, невеста, фата, bride, veil, wedding, woman, woman with veil
🤰: беременная, беременность, женщина, беременная женщина, pregnant, woman, pregnant woman
🫃: беременность, беременный, вздутие, животик, мужчина, переедание, беременный мужчина, belly, bloated, full, man, overeat, pregnant, pregnant man
🫄: беременная, беременность, беременный, вздутие, животик, переедание, человек, беременный человек, belly, bloated, full, overeat, person, pregnant, stuffed, pregnant person
🤱: вскармливание, грудь, кормить, кормящая, лактация, мать, младенец, молоко, ребенок, кормление грудью, baby, breast, breast-feeding, feeding, mom, mother, nursing, woman
👩‍🍼: женщина, забота, кормление, кормящая, малыш, мама, мать, новорожденный, няня, ребенок, кормящая женщина, baby, feed, feeding, mom, mother, nanny, newborn, nursing, woman, woman feeding baby
👨‍🍼: забота, кормление, кормящий, малыш, мужчина, новорожденный, няня, отец, папа, ребенок, кормящий мужчина, baby, dad, father, feed, feeding, man, nanny, newborn, nursing, man feeding baby
🧑‍🍼: забота, кормление, кормящий, малыш, новорожденный, няня, ребенок, родитель, человек, кормящий человек, baby, feed, feeding, nanny, newborn, nursing, parent, person feeding baby
👼: ангел, ангелочек, дитя, крылья, лик, младенец, нимб, фэнтези, angel, baby, church, face, fairy, fairytale, fantasy, tale, baby angel
🎅: дед мороз, дедушка мороз, клаус, новый год, рождество, санта, санта-клаус, celebration, christmas, claus, fairy, fantasy, father, holiday, merry, santa, tale, xmas, santa claus
🤶: миссис клаус, новый год, рождество, снегурочка, celebration, christmas, claus, fairy, fantasy, holiday, merry, mother, mrs, santa, tale, xmas, mrs. claus
🧑‍🎄: дед мороз, клаус, новый год, рождество, санта, celebration, christmas, claus, fairy, fantasy, holiday, merry, mx, santa, tale, xmas, mx claus
🦸: бэтмен, героиня, герой, сильная, супервумен, супергерой, супермен, суперсила, good, hero, superhero, superpower
🦸‍♂: герой, мужчина-супергерой, супергерой, супермен, суперсила, good, hero, man, superhero, superpower, man superhero
🦸‍♀: героиня, женщина-супергерой, супервумен, супергероиня, суперсила, good, hero, heroine, superhero, superpower, woman, woman superhero
🦹: вампир, дракула, зло, злодей, плохой, преступник, суперзлодей, суперсила, bad, criminal, evil, superpower, supervillain, villain
🦹‍♂: зло, злодей, мужчина-суперзлодей, суперзлодей, bad, criminal, evil, man, superpower, supervillain, villain, man supervillain
🦹‍♀: женщина-суперзлодей, зло, злодей, суперзлодей, bad, criminal, evil, superpower, supervillain, villain, woman, woman supervillain
🧙: волшебник, заклинание, колдун, маг, магия, чародей, fantasy, mage, magic, play, sorcerer, sorceress, sorcery, spell, summon, witch, wizard
🧙‍♂: волшебник, маг, чародей, fantasy, mage, magic, man, play, sorcerer, sorceress, sorcery, spell, summon, witch, wizard, man mage
🧙‍♀: ведьма, волшебница, чародейка, fantasy, mage, magic, play, sorcerer, sorceress, sorcery, spell, summon, witch, wizard, woman, woman mage
🧚: динь-динь, крылышки, крылья, оберон, пак, сказка, титания, фея, фэнтези, fairy, fairytale, fantasy, myth, person, pixie, tale, wings
🧚‍♂: крылья, мужчина, мужчина-фея, сказка, фея, фэнтези, fairy, fairytale, fantasy, man, myth, oberon, person, pixie, puck, tale, wings, man fairy
🧚‍♀: динь-динь, женщина-фея, крылья, сказка, титания, фея, фэнтези, fairy, fairytale, fantasy, myth, person, pixie, tale, titania, wings, woman, woman fairy
🧛: вампир, граф, дракула, зубы, кровопийца, кровь, упырь, blood, dracula, fangs, halloween, scary, supernatural, teeth, undead, vampire
🧛‍♂: вампир, граф, дракула, зубы, кровь, мужчина, мужчина-вампир, blood, fangs, halloween, man, scary, supernatural, teeth, undead, vampire, man vampire
🧛‍♀: вампирша, женщина, женщина-вампир, зубы, кровь, blood, fangs, halloween, scary, supernatural, teeth, undead, vampire, woman, woman vampire
🧜: ариэль, морские существа, полурыба, русалка, русалочка, сказка, тритон, ундина, creature, fairytale, folklore, merperson, ocean, sea, siren, trident
🧜‍♂: мужчина, полурыба, русалка, тритон, creature, fairytale, folklore, merman, neptune, ocean, poseidon, sea, siren, trident, triton
🧜‍♀: женщина, женщина-русалка, полурыба, русалка, creature, fairytale, folklore, mermaid, merwoman, ocean, sea, siren, trident
🧝: магия, сказка, уши, фэнтези, эльф, elf, elves, enchantment, fantasy, folklore, magic, magical, myth
🧝‍♂: магия, мужчина, мужчина-эльф, сказка, уши, фэнтези, эльф, elf, elves, enchantment, fantasy, folklore, magic, magical, man, myth, man elf
🧝‍♀: женщина-эльф, магия, фэнтези, эльф, эльфийка, elf, elves, enchantment, fantasy, folklore, magic, magical, myth, woman, woman elf
🧞: джинн, лампа, потереть, сказка, djinn, fantasy, genie, jinn, lamp, myth, rub, wishes
🧞‍♂: джинн, лампа, мужчина, мужчина-джинн, потереть, сказка, djinn, fantasy, genie, jinn, lamp, man, myth, rub, wishes, man genie
🧞‍♀: джинн, женщина, женщина-джинн, лампа, потереть, сказка, djinn, fantasy, genie, jinn, lamp, myth, rub, wishes, woman, woman genie
🧟: апокалипсис, живой, зомби, мертвец, страх, страшилка, ужас, хэллоуин, apocalypse, dead, halloween, horror, scary, undead, walking, zombie
🧟‍♂: живой, живой метрвец, зомби, мертвец, мужчина, мужчина-зомби, apocalypse, dead, halloween, horror, man, scary, undead, walking, zombie, man zombie
🧟‍♀: женщина, женщина-зомби, живой, зомби, мертвец, apocalypse, dead, halloween, horror, scary, undead, walking, woman, zombie, woman zombie
🧌: монстр, сказка, троллинг, тролль, чудище, чудовище, fairy, fantasy, monster, tale, troll, trolling
🫈: великан, волосатый, йети, криптид, монстр, снежный, человек, снежный человек, bigfoot, cryptid, forest, giant, hairy, sasquatch, woodwose, yeti, hairy creature
💆: голова, лицо, массаж, массаж головы, массаж лица, процедура, салон, спа, человеку массируют лицо, face, getting, headache, massage, person, relax, relaxing, salon, soothe, spa, tension, therapy, treatment, person getting massage
💆‍♂: голова, лицо, массаж, массаж головы, массаж лица, мужчина, мужчине массируют лицо, процедура, салон, спа, face, getting, headache, man, massage, relax, relaxing, salon, soothe, spa, tension, therapy, treatment, man getting massage
💆‍♀: женщине массируют лицо, массаж, массаж головы, массаж лица, спа, face, getting, headache, massage, relax, relaxing, salon, soothe, spa, tension, therapy, treatment, woman, woman getting massage
💇: волосы, косметология, красота, ножницы, обрезать, парикмахер, прическа, салон, стрижка, укоротить, уход, человек у парикмахера, barber, beauty, chop, cosmetology, cut, groom, hair, haircut, parlor, person, shears, style, person getting haircut
💇‍♂: барбер, барбершоп, мужчина, ножницы, парикмахер, прическа, салон, стилист, стрижка, тримминг, мужчина у парикмахера, barber, beauty, chop, cosmetology, cut, groom, hair, haircut, man, parlor, person, shears, style, man getting haircut
💇‍♀: женщина, женщина у парикмахера, ножницы, парикмахер, прическа, салон, стрижка, barber, beauty, chop, cosmetology, cut, groom, hair, haircut, parlor, person, shears, style, woman, woman getting haircut
🚶: гулять, дорога, идет, прогулка, тротуар, ходьба, человек, человек идет, amble, gait, hike, man, pace, pedestrian, person, stride, stroll, walk, walking, person walking
🚶‍♂: дорога, мужчина, мужчина идет, прогулка, тротуар, ходьба, amble, gait, hike, man, pace, pedestrian, stride, stroll, walk, walking, man walking
🚶‍♀: дорога, женщина, идет, прогулка, тротуар, ходьба, женщина идет, amble, gait, hike, man, pace, pedestrian, stride, stroll, walk, walking, woman, woman walking
🧍: стоя, стоять, человек, человек стоит, person, stand, standing, person standing
🧍‍♂: мальчик, мужчина, мужчина стоит, парень, стоя, стоять, man, stand, standing, man standing
🧍‍♀: девушка, женщина, женщина стоит, стоя, стоять, stand, standing, woman, woman standing
🧎: йога, колени, на коленях, сидеть, человек, человек на коленях, kneel, kneeling, knees, person, person kneeling
🧎‍♂: колени, мальчик, мужчина, мужчина на коленях, на коленях, парень, kneel, kneeling, knees, man, man kneeling
🧎‍♀: девочка, девушка, женщина, женщина на коленях, колени, на коленях, kneel, kneeling, knees, woman, woman kneeling
🧑‍🦯: инвалид, слепой, человек с белой тростью, accessibility, blind, cane, person, probing, white, person with white cane
👨‍🦯: инвалид, мужчина, мужчина с тростью для ходьбы, палочка, слепой, трость, человек, accessibility, blind, cane, man, probing, white, man with white cane
👩‍🦯: женщина, женщина с тростью для ходьбы, инвалид, палочка, слепая, трость, человек, accessibility, blind, cane, probing, white, woman, woman with white cane
🧑‍🦼: инвалид, инвалидная коляска, человек в кресле-коляске с мотором, accessibility, motorized, person, wheelchair, person in motorized wheelchair
👨‍🦼: в кресле, инвалид, инвалидное кресло, кресло, мужчина, мужчина в электрическом кресле-коляске, accessibility, man, motorized, wheelchair, man in motorized wheelchair
👩‍🦼: в кресле, женщина, женщина в электрическом кресле-коляске, инвалид, инвалидное кресло, кресло, человек, accessibility, motorized, wheelchair, woman, woman in motorized wheelchair
🧑‍🦽: инвалид, инвалидная коляска, человек в кресле-коляске с ручным приводом, accessibility, manual, person, wheelchair, person in manual wheelchair
👨‍🦽: в кресле, инвалид, инвалидное кресло, кресло, мужчина, мужчина в ручном кресле-коляске, человек, accessibility, man, manual, wheelchair, man in manual wheelchair
👩‍🦽: в кресле, женщина, женщина в ручном кресле-коляске, инвалид, инвалидное кресло, кресло, accessibility, manual, wheelchair, woman, woman in manual wheelchair
🏃: бег, бежит, марафон, спорт, трусцой, человек, человек бежит, fast, hurry, marathon, move, person, quick, race, racing, run, rush, speed, person running
🏃‍♂: бег, марафон, мужчина, мужчина бежит, спорт, трусцой, fast, hurry, man, marathon, move, quick, race, racing, run, rush, speed, man running
🏃‍♀: бег, бежит, женщина, марафон, спешу, спорт, трусцой, убегаю, женщина бежит, fast, hurry, marathon, move, quick, race, racing, run, rush, speed, woman, woman running
🧑‍🩰: артист, балерина, балет, искусство, пуанты, сцена, танец, танцор, артист балета, ballet, dancer, ballet dancer
💃: движения, дискотека, женщина, красное платье, красота, танцовщица, танцующая женщина, танцы, человек, dance, dancer, dancing, elegant, festive, flair, flamenco, groove, let’s, salsa, tango, woman, woman dancing
🕺: движения, красота, мужчина, танец, танцующий мужчина, танцы, человек, dance, dancer, dancing, elegant, festive, flair, flamenco, groove, let’s, man, salsa, tango, man dancing
🕴: бизнес, бизнесмен в воздухе, костюм, полет, человек, business, levitating, person, suit, person in suit levitating
👯: близкие, вечеринка, двое, двойняшки, кордебалет, кролик, парочка, подруги, танец, уши, люди с ушами кролика, bestie, bff, bunny, counterpart, dancer, double, ear, identical, pair, party, partying, people, soulmate, twin, twinsies, people with bunny ears
👯‍♂: вечеринка, кордебалет, кролик, мужчины с ушами кролика, танец, танцор, уши, уши кролика, bestie, bff, bunny, counterpart, dancer, double, ear, identical, men, pair, party, partying, people, soulmate, twin, twinsies, men with bunny ears
👯‍♀: вечеринка, женщины с ушами кролика, кордебалет, кролик, танец, уши, уши кролика, bestie, bff, bunny, counterpart, dancer, double, ear, identical, pair, party, partying, people, soulmate, twin, twinsies, women, women with bunny ears
🧖: баня, париться, парная, паровая, паром, пропотеть, сауна, хамам, человек в бане, day, luxurious, pamper, person, relax, room, sauna, spa, steam, steambath, unwind, person in steamy room
🧖‍♂: мужчина в бане, парная, сауна, day, luxurious, man, pamper, relax, room, sauna, spa, steam, steambath, unwind, man in steamy room
🧖‍♀: женщина в бане, парная, сауна, day, luxurious, pamper, relax, room, sauna, spa, steam, steambath, unwind, woman, woman in steamy room
🧗: альпинистка, взбираться, восхождение, гора, подъем, скала, скалолазание, человек, человек взбирается по скале, climb, climber, climbing, mountain, person, rock, scale, up, person climbing
🧗‍♂: мужчина, мужчина взбирается по скале, скала, скалолаз, climb, climber, climbing, man, mountain, rock, scale, up, man climbing
🧗‍♀: женщина, женщина взбирается по скале, скала, скалолаз, climb, climber, climbing, mountain, rock, scale, up, woman, woman climbing
🤺: рапира, спорт, фехтовальщик, фехтование, человек, шпага, fencer, fencing, person, sword, person fencing
🏇: бега, жокей, ипподром, конный, конь, лошади, скачки, спорт, ставки, тотализатор, horse, jockey, racehorse, racing, riding, sport, horse racing
⛷: горнолыжный, горные, лыжи, склон, скорость, спортсмен, человек, горные лыжи, ski, skier, snow
🏂: горы, склон, снег, сноуборд, сноубордист, спорт, спортсмен, ski, snow, snowboard, snowboarder, sport
🏌: гольф, гольфист, игрок, клюшка, удар, ball, birdie, caddy, driving, golf, golfing, green, person, pga, putt, range, tee, person golfing
🏌‍♂: гольф, гольфист, игрок, клюшка, мужчина играет в гольф, ball, birdie, caddy, driving, golf, golfing, green, man, pga, putt, range, tee, man golfing
🏌‍♀: гольф, гольфистка, женщина, женщина играет в гольф, клюшка, спорт, спортсменка, удар, ball, birdie, caddy, driving, golf, golfing, green, pga, putt, range, tee, woman, woman golfing
🏄: вода, волны, доска, серфинг, спорт, beach, ocean, person, sport, surf, surfer, surfing, swell, waves, person surfing
🏄‍♂: вода, волны, доска, серфинг, серфингист, спорт, спортсмен, beach, man, ocean, sport, surf, surfer, surfing, swell, waves, man surfing
🏄‍♀: вода, волны, доска, серфинг, серфингистка, спорт, спортсменка, beach, ocean, person, sport, surf, surfer, surfing, swell, waves, woman surfing
🚣: весла, вода, гребля, лодка, море, boat, canoe, cruise, fishing, lake, oar, paddle, person, raft, river, row, rowboat, rowing, person rowing boat
🚣‍♂: весла, вода, гребец, гребля, лодка, boat, canoe, cruise, fishing, lake, man, oar, paddle, raft, river, row, rowboat, rowing, man rowing boat
🚣‍♀: весла, вода, гребля, гребчиха, лодка, boat, canoe, cruise, fishing, lake, oar, paddle, raft, river, row, rowboat, rowing, woman, woman rowing boat
🏊: бассейн, вода, водный спорт, море, плавание, пловец, плыть, спорт, спортсмен, freestyle, person, sport, swim, swimmer, swimming, triathlon, person swimming
🏊‍♂: мужчина, плавание, пловец, спорт, freestyle, man, sport, swim, swimmer, swimming, triathlon, man swimming
🏊‍♀: женщина, плавание, пловчиха, спорт, freestyle, man, sport, swim, swimmer, swimming, triathlon, woman swimming
⛹: баскетбол, баскетболист, ведение, игра, мяч, athletic, ball, basketball, bouncing, championship, dribble, net, person, player, throw, person bouncing ball
⛹‍♂: баскетбол, мужчина, мяч, спорт, мужчина с мячом, athletic, ball, basketball, bouncing, championship, dribble, man, net, player, throw, man bouncing ball
⛹‍♀: баскетбол, баскетболистка, женщина, мяч, спорт, женщина с мячом, athletic, ball, basketball, bouncing, championship, dribble, net, player, throw, woman, woman bouncing ball
🏋: атлет, атлетика, вес, помост, тяжелая, тяжелоатлет, штанга, barbell, bodybuilder, deadlift, lifter, lifting, person, powerlifting, weight, weightlifter, weights, workout, person lifting weights
🏋‍♂: мужчина, мужчина со штангой, пауэрлифтинг, спорт, тяжелая атлетика, barbell, bodybuilder, deadlift, lifter, lifting, man, powerlifting, weight, weightlifter, weights, workout, man lifting weights
🏋‍♀: женщина, пауэрлифтинг, спорт, тяжелая атлетика, тяжеловеска, женщина со штангой, barbell, bodybuilder, deadlift, lifter, lifting, powerlifting, weight, weightlifter, weights, woman, workout, woman lifting weights
🚴: велосипед, велосипедист, велоспорт, кататься, педали, спорт, человек, bicycle, bicyclist, bike, biking, cycle, cyclist, person, riding, sport, person biking
🚴‍♂: велосипед, мужчина, мужчина на велосипеде, спорт, bicycle, bicyclist, bike, biking, cycle, cyclist, man, riding, sport, man biking
🚴‍♀: велосипед, велосипедистка, женщина, кататься, педали, спорт, женщина на велосипеде, bicycle, bicyclist, bike, biking, cycle, cyclist, riding, sport, woman, woman biking
🚵: байк, велик, велосипед, горный, горы, педали, соревнование, спорт, человек, человек на горном велосипеде, bicycle, bicyclist, bike, biking, cycle, cyclist, mountain, person, riding, sport, person mountain biking
🚵‍♂: велосипед, горный велосипед, мужчина, мужчина на горном велосипеде, спорт, bicycle, bicyclist, bike, biking, cycle, cyclist, man, mountain, riding, sport, man mountain biking
🚵‍♀: велосипед, велосипедистка, горный велосипед, женщина, женщина на горном велосипеде, спорт, bicycle, bicyclist, bike, biking, cycle, cyclist, mountain, riding, sport, woman, woman mountain biking
🤸: акробатика, акробатический трюк, активный, вверх ногами, гимнастика, колесо, спорт, счастливый, трюк, человек, active, cartwheel, cartwheeling, excited, flip, gymnastics, happy, person, somersault, person cartwheeling
🤸‍♂: акробат, акробатика, гимнастика, мужчина, спорт, трюк, active, cartwheel, cartwheeling, excited, flip, gymnastics, happy, man, somersault, man cartwheeling
🤸‍♀: акробат, акробатика, гимнастика, женщина, спорт, трюк, женщина-акробат, active, cartwheel, cartwheeling, excited, flip, gymnastics, happy, somersault, woman, woman cartwheeling
🤼: бороться, борцы, борьба, драка, рестлинг, ринг, спаринг, спарринг, спорт, человек, combat, duel, grapple, people, ring, tournament, wrestle, wrestling, people wrestling
🤼‍♂: борьба, мужчина, мужчины-борцы, спорт, combat, duel, grapple, men, ring, tournament, wrestle, wrestling, men wrestling
🤼‍♀: борцы, борчихи, борьба, женщины, спарринг, спорт, женщины-борцы, combat, duel, grapple, ring, tournament, women, wrestle, wrestling, women wrestling
🤽: вода, водное, поло, спорт, человек, водное поло, person, playing, polo, sport, swimming, water, waterpolo, person playing water polo
🤽‍♂: вода, водное, мужчина, мяч, поло, спорт, мужчина играет в водное поло, man, playing, polo, sport, swimming, water, waterpolo, man playing water polo
🤽‍♀: вода, водное, женщина, мяч, поло, спорт, женщина играет в водное поло, playing, polo, sport, swimming, water, waterpolo, woman, woman playing water polo
🤾: бросок, гандбол, гандболист, мяч, спорт, спортсмен, человек, athletics, ball, catch, chuck, handball, hurl, lob, person, pitch, playing, sport, throw, toss, person playing handball
🤾‍♂: гандбол, гандболист, мужчина, спорт, athletics, ball, catch, chuck, handball, hurl, lob, man, pitch, playing, sport, throw, toss, man playing handball
🤾‍♀: бросок, гандбол, гандболистка, женщина, мяч, спорт, спортсменка, athletics, ball, catch, chuck, handball, hurl, lob, pitch, playing, sport, throw, toss, woman, woman playing handball
🤹: жонглер, жонглирование, многозадачность, навык, равновесие, act, balance, balancing, handle, juggle, juggling, manage, multitask, person, skill, person juggling
🤹‍♂: жонглер, многозадачность, мужчина, мужчина-жонглер, act, balance, balancing, handle, juggle, juggling, man, manage, multitask, skill, man juggling
🤹‍♀: женщина, женщина-жонглер, жонглер, многозадачность, act, balance, balancing, handle, juggle, juggling, manage, multitask, skill, woman, woman juggling
🧘: йога, лотос, медитация, поза, расслабление, человек в позе лотоса, cross, legged, legs, lotus, meditation, peace, person, position, relax, serenity, yoga, yogi, zen, person in lotus position
🧘‍♂: йога, медитация, мужчина, мужчина в позе лотоса, расслабление, cross, legged, legs, lotus, man, meditation, peace, position, relax, serenity, yoga, yogi, zen, man in lotus position
🧘‍♀: женщина, женщина в позе лотоса, йога, медитация, расслабление, cross, legged, legs, lotus, meditation, peace, position, relax, serenity, woman, yoga, yogi, zen, woman in lotus position
🛀: ванна, ванная, вода, человек, человек в ванне, bath, bathtub, person, taking, tub, person taking bath
🛌: гостиница, кровать, ночь, отель, сон, спит, человек, человек в кровати, bed, bedtime, good, goodnight, hotel, nap, night, person, sleep, tired, zzz, person in bed
🧑‍🤝‍🧑: держаться, держащиеся, друзья, лучшие, люди, пара, руки, семья, люди, держащиеся за руки, bae, bestie, bff, couple, dating, flirt, friends, hand, hold, people, twins, people holding hands
👭: две женщины, держаться за руки, женщины, лучшие подруги, пара, подружки, руки, сестры, bae, bestie, bff, couple, dating, flirt, friends, girls, hand, hold, sisters, twins, women, women holding hands
👫: держаться за руки, друзья, женщина, мужчина, мужчина и женщина, пара, руки, свидание, флирт, bae, bestie, bff, couple, dating, flirt, friends, hand, hold, man, twins, woman, woman and man holding hands
👬: близнецы, братья, двое, двойняшки, дружба, друзья, мужчины, пара, двое мужчин, bae, bestie, bff, boys, brothers, couple, dating, flirt, friends, hand, hold, men, twins, men holding hands
💏: любовь, пара, поцелуй, романтика, чувства, anniversary, babe, bae, couple, date, dating, heart, kiss, love, mwah, person, romance, together, xoxo
💑: влюбленные, любовь, люди, пара, свидание, сердце, чувства, влюбленная пара, anniversary, babe, bae, couple, dating, heart, kiss, love, person, relationship, romance, together, you, couple with heart
🗣: говорить, говорящая, голова, кричать, речь, силуэт, говорящая голова, face, head, silhouette, speak, speaking, speaking head
👤: бюст, лицо, силуэт, таинственный, тайна, тень, человек, силуэт человека, bust, mysterious, shadow, silhouette, bust in silhouette
👥: бюст, головы, двое, лицо, люди, силуэт, темный, тень, два силуэта, bff, bust, busts, everyone, friend, friends, people, silhouette, busts in silhouette
🫂: дружба, любовь, обнимашки, обнимающиеся люди, объятия, пока, привет, прощай, спасибо, успокоить, comfort, embrace, farewell, friendship, goodbye, hello, hug, hugging, love, people, thanks, people hugging
👪: портрет, ребенок, родители, семейный, семья, child, family
🧑‍🧑‍🧒: семья с одним ребенком, семья: двое взрослых и ребенок, adult, child, family, family: adult, adult, child
🧑‍🧑‍🧒‍🧒: семья с двумя детьми, семья: двое взрослых и двое детей, adult, child, family, family: adult, adult, child, child
🧑‍🧒: неполная семья с одним ребенком, родитель-одиночка с одним ребенком, семья: взрослый и ребенок, adult, child, family, family: adult, child
🧑‍🧒‍🧒: неполная семья с двумя детьми, родитель-одиночка с двумя детьми, семья: взрослый и двое детей, adult, child, family, family: adult, child, child
👣: нога, подошва, рельеф, след, следы, человек, barefoot, clothing, footprint, footprints, omw, print, walk
🫆: безопасность, биометрия, идентификация, криминалистика, отпечаток пальца, clue, crime, detective, fingerprint, forensics, identity, mystery, print, safety, trace
🦰: красный, медный, рыжая, рыжие волосы, рыжий, ginger, hair, red, redhead, red hair
🦱: афро, кудри, кудрявые волосы, кудрявый, химическая завивка, химия, afro, curly, hair, ringlets, curly hair
🦳: волосы, пожилой, седина, седой, седые волосы, старый, gray, hair, old, white, white hair
🦲: без волос, бритый, лысый, химиотерапия, bald, chemotherapy, hair, hairless, no, shaven
🐵: животное, морда, обезьяна, обезьянья, морда обезьяны, animal, banana, face, monkey, monkey face
🐒: животное, обезьяна, animal, banana, monkey
🦍: горилла, животное, обезьяна, animal, gorilla
🦧: обезьяна, орангутан, орангутанг, примат, человекоподобная, человекоподобный, animal, ape, monkey, orangutan
🐶: животное, морда, пес, собака, собачья, морда собаки, adorbs, animal, dog, face, pet, puppies, puppy, dog face
🐕: животное, пес, питомец, собака, щенок, animal, animals, dog, dogs, pet
🦮: инвалид, поводырь, помощь, слепой, собака, собака-поводырь, accessibility, animal, blind, dog, guide, guide dog
🐕‍🦺: инвалид, поиск, поисковая, помощь, собака, служебная собака, accessibility, animal, assistance, dog, service, service dog
🐩: домашнее животное, животное, порода, пудель, собака, animal, dog, fluffy, poodle
🐺: волк, волчья, животное, морда, собака, морда волка, animal, face, wolf
🦊: животное, лис, лиса, лисица, лисья, морда, морда лисицы, animal, face, fox
🦝: енот, животное, любопытный, морда, полоскун, морда енота, animal, curious, raccoon, sly
🐱: животное, кот, кошачья, кошка, морда, питомец, морда кошки, animal, cat, face, kitten, kitty, pet, cat face
🐈: животное, кот, котенок, кошка, питомец, animal, animals, cat, cats, kitten, pet
🐈‍⬛: кот, кошка, мяу, несчастье, неудача, плохая, примета, черная, черный, черная кошка, animal, black, cat, feline, halloween, meow, unlucky, black cat
🦁: гороскоп, грива, животное, знак, знак зодиака, зодиак, лев, морда, морда льва, alpha, animal, face, leo, lion, mane, order, rawr, roar, safari, strong, zodiac
🐯: животное, зверь, морда, тигр, тигренок, тигриная, морда тигра, animal, big, cat, face, predator, tiger, tiger face
🐅: животное, зверь, зоопарк, кошка, тигр, хищник, animal, big, cat, predator, tiger, zoo
🐆: гепард, животное, зверь, зоопарк, кошка, леопард, хищник, animal, big, cat, leopard, predator, zoo
🐴: конь, лошадиная, лошадь, морда, морда лошади, animal, dressage, equine, face, farm, horse, horses, horse face
🫎: животное, лось, млекопитающее, рога, рогатый, сохатый, alces, animal, antlers, elk, mammal, moose
🫏: животное, ишак, млекопитающее, мул, ослик, упрямый, осел, animal, ass, burro, donkey, hinny, mammal, mule, stubborn
🐎: жеребец, животное, конь, лошадь, скаковая, скакун, скачки, animal, equestrian, farm, horse, racehorse, racing
🦄: единорог, животное, морда, рог, сказочное, фэнтези, голова единорога, face, unicorn
🦓: зебра, зебры, полосатая, полоски, черно-белая, animal, stripe, zebra
🦌: грация, животное, зверь, олень, рога, animal, deer
🦬: бизон, буйвол, животное, зубр, стадо, як, animal, bison, buffalo, herd, wisent
🐮: животное, корова, коровья, морда, му, рога, морда коровы, animal, cow, face, farm, milk, moo, cow face
🐂: бык, гороскоп, животное, знак, зодиак, телец, animal, animals, bull, farm, ox, taurus, zodiac
🐃: буйвол, животное, зверь, зоопарк, рога, animal, buffalo, water, zoo, water buffalo
🐄: животное, корова, молоко, рога, ферма, animal, animals, cow, farm, milk, moo
🐷: бекон, животное, морда, поросенок, пятачок, сало, свинина, свинья, хрюшка, морда свиньи, animal, bacon, face, farm, pig, pork, pig face
🐖: бекон, животное, свинья, ферма, хрюшка, animal, bacon, farm, pig, pork, sow
🐗: голова, дикий, животное, кабан, клыки, animal, boar, pig
🐽: морда, поросенок, пятак, пятачок, свинья, хрю, хрюшка, свиной пятачок, animal, face, farm, nose, pig, smell, snout, pig nose
🐏: баран, гороскоп, животное, знак, зодиак, овен, рога, animal, aries, horns, male, ram, sheep, zodiac, zoo
🐑: баран, жвачное, животное, овца, парнокопытное, рога, ферма, шерсть, ягненок, ягнятина, animal, baa, ewe, farm, female, fluffy, lamb, sheep, wool
🐐: животное, знак зодиака, зодиак, коза, козел, козерог, animal, capricorn, farm, goat, milk, zodiac
🐪: верблюд, горб, дромадер, один, одногорбый верблюд, пустыня, animal, camel, desert, dromedary, hump, one
🐫: бактриан, верблюд, горб, двугорбый верблюд, жвачное, животное, один, парнокопытное, пустыня, animal, bactrian, camel, desert, hump, two, two-hump, two-hump camel
🦙: альпака, викунья, гуанако, животное, копытное, лама, руно, шерсть, alpaca, animal, guanaco, llama, vicuña, wool
🦒: длинная шея, животное, жираф, пятна, пятнистый, шея, animal, giraffe, spots
🐘: животное, слон, хобот, animal, elephant
🦣: бивень, большой, вымирание, животное, мамонт, мохнатый, предок, animal, extinction, large, mammoth, tusk, wooly
🦏: животное, носорог, рог, animal, rhinoceros
🦛: бегемот, гиппопотам, животное, animal, hippo, hippopotamus
🐭: грызун, морда, морда мыши, мышка, мышь, animal, face, mouse, mouse face
🐁: белая мышь, грызун, крыса, мышка, мышонок, мышь, хвост, animal, animals, mouse
🐀: грызун, крыса, animal, rat
🐹: домашнее животное, животное, морда, морда хомяка, мордочка, мышь, хомяк, animal, face, hamster, pet
🐰: домашнее, животное, зайчик, кролик, морда, морда кролика, animal, bunny, face, pet, rabbit, rabbit face
🐇: белый, домашнее, животное, зайчик, заяц, кролик, animal, bunny, pet, rabbit
🐿: белочка, бурундук, животное, орех, animal, chipmunk, squirrel
🦫: бобер, бобр, грызть, животное, зубы, плотина, animal, beaver, dam, teeth
🦔: еж, ежик, животное, иголка, иголки, колючий, колючки, animal, hedgehog, spiny
🦇: вампир, животное, летучая, мышь, летучая мышь, animal, bat, vampire
🐻: бурый, животное, медведь, морда, морда медведя, animal, bear, face, grizzly, growl, honey
🐻‍❄: белый медведь, животное, медведь, морда белого медведя, полярный медведь, северный полюс, animal, arctic, bear, polar, white, polar bear
🐨: австралия, животное, коала, медведь, морда, морда коалы, эвкалипт, animal, australia, bear, down, face, koala, marsupial, under
🐼: животное, медведь, морда, морда панды, панда, animal, bamboo, face, panda
🦥: животное, ленивец, лень, медленно, медленный, спать, lazy, sloth, slow
🦦: вода, выдра, животное, играть, ловить, рыбалка, animal, fishing, otter, playful
🦨: вонь, вонючка, вонять, животное, скунс, фу, animal, skunk, stink
🦘: австралия, животное, кенгуру, скакать, сумка, сумчатое, сумчатые, animal, joey, jump, kangaroo, marsupial
🦡: барсук, животное, носуха, animal, badger, honey, pester
🐾: животное, лапы, отпечатки, следы, следы животного, feet, paw, paws, print, prints, paw prints
🦃: благодарение, благодарения, индейка, индюк, крылья, птица, bird, gobble, thanksgiving, turkey
🐔: голова, курица, петух, птица, цыпленок, animal, bird, chicken, ornithology
🐓: гребешок, петух, петушок, птица, animal, bird, ornithology, rooster
🐣: вылупился, желтый, цыпленок, цыпленок в яйце, яйцо, animal, baby, bird, chick, egg, hatching, hatching chick
🐤: голова, голова цыпленка, клюв, маленький, цыпленок, цыпленок боком, animal, baby, bird, chick, ornithology, baby chick
🐥: крылья, курица, маленький, цыпленок, animal, baby, bird, chick, front-facing, newborn, ornithology, front-facing baby chick
🐦: голова, голубь, птица, animal, bird, ornithology
🐧: антарктика, арктика, голова, животное, зоопарк, пингвин, птица, animal, antarctica, bird, ornithology, penguin
🕊: белый, голубь, мир, полет, преданность, чистота, bird, dove, fly, ornithology, peace
🦅: орел, птица, хищник, animal, bird, eagle, ornithology
🦆: птица, селезень, утка, animal, bird, duck, ornithology
🦢: белый лебедь, водоплавающее, гадкий утенок, лебедь, птица, animal, bird, cygnet, duckling, ornithology, swan, ugly
🦉: мудрость, птица, сова, филин, animal, bird, ornithology, owl, wise
🦤: большой, вымерший, додо, дронт, маврикий, птица, animal, bird, dodo, extinction, large, ornithology
🪶: лёгкий, оперение, перо, перышко, писать, полёт, птица, bird, feather, flight, light, plumage
🦩: птица, розовый, тропики, тропическая, тропический, фламинго, animal, bird, flamboyant, flamingo, ornithology, tropical
🦚: веер, красивый, павлин, перья, птица, хвост, цветной, animal, bird, colorful, ornithology, ostentatious, peacock, peahen, pretty, proud
🦜: ара, говорить, говорящий, пират, попугай, птица, птица-говорун, animal, bird, ornithology, parrot, pirate, talk
🪽: авиация, ангельский, летать, мифология, полет, птица, крыло, angelic, ascend, aviation, bird, fly, flying, heavenly, mythology, soar, wing
🐦‍⬛: ворон, ворона, врановый, грач, каркать, клюв, птица, черная птица, черный, чёрный, animal, beak, bird, black, caw, corvid, crow, ornithology, raven, rook, black bird
🪿: глупый, гогот, гоготать, гуси, гусь, дичь, птица, утка, animal, bird, duck, flock, fowl, gaggle, gander, geese, goose, honk, ornithology, silly
🐦‍🔥: возрождение, восстать, заново, огненная птица, птица феникс, реинкарнация, сказка, сказочная птица, феникс, ascend, ascension, emerge, fantasy, firebird, glory, immortal, phoenix, rebirth, reincarnation, reinvent, renewal, revival, revive, rise, transform
🐸: голова, голова лягушки, жаба, зеленая, лягушка, морда, animal, face, frog
🐊: аллигатор, зеленый, крокодил, animal, crocodile, zoo
🐢: зеленая, черепаха, animal, terrapin, tortoise, turtle
🦎: зеленая, рептилия, ящерица, animal, lizard, reptile
🐍: гадюка, змееносец, змея, знак, зодиак, опасность, яд, animal, bearer, ophiuchus, serpent, snake, zodiac
🐲: голова дракона, дракон, морда, морда дракона, сказка, фентези, фэнтези, animal, dragon, face, fairy, fairytale, tale, dragon face
🐉: голова, дракон, зеленый дракон, змея, морда, сказка, фентези, фэнтези, animal, dragon, fairy, fairytale, knights, tale
🦕: брахиозавр, бронтозавр, динозавр, диплодок, зауропод, brachiosaurus, brontosaurus, dinosaur, diplodocus, sauropod
🦖: динозавр, рекс, ти-рекс, тираннозавр, dinosaur, rex, t, t-rex, tyrannosaurus
🐳: брызги, вода, кит, кит с фонтанчиком, animal, beach, face, ocean, spouting, whale, spouting whale
🐋: животное, кит, океан, animal, beach, ocean, whale
🐬: вода, дельфин, море, океан, пляж, animal, beach, dolphin, flipper, ocean
🫍: животное, касатка, кит, море, морское, хищник, черно-белый, косатка, marine, ocean, whale, orca
🦭: животное, морской котик, морской лев, нерпа, океан, тюлень, animal, lion, ocean, sea, seal
🐟: гороскоп, знак зодиака, зодиак, рыба, рыбалка, рыбы, animal, dinner, fish, fishes, fishing, pisces, zodiac
🐠: рыба, тропики, тропическая рыба, экзотическая, animal, fish, fishes, tropical, tropical fish
🐡: еж, иголки, рыба, рыба-еж, animal, blowfish, fish
🦈: акула, рыба, хищник, animal, fish, shark
🐙: океан, осьминог, спрут, щупальца, animal, creature, ocean, octopus
🐚: моллюск, раковина, ракушка, спираль, улитка, animal, beach, conch, sea, shell, spiral, spiral shell
🪸: изменение климата, коралл, море, океан, природа, риф, change, climate, coral, ocean, reef, sea
🪼: беспозвоночное, морское, ожог, ой, ужалить, медуза, animal, aquarium, burn, invertebrate, jelly, jellyfish, life, marine, ocean, ouch, plankton, sea, sting, stinger, tentacles
🦀: знак, зодиак, клешни, краб, рак, cancer, crab, zodiac
🦞: животное, клешни, лангуст, лобстер, морепродукты, омар, рак, animal, bisque, claws, lobster, seafood
🦐: еда, креветка, маленькая, морепродукты, ракообразные, рачок, food, shellfish, shrimp, small
🦑: еда, кальмар, моллюск, щупальца, animal, food, mollusk, squid
🦪: жемчуг, жемчужина, нырять, раковина, ракушка, устрица, устричный, diving, oyster, pearl
🐌: медленно, ползти, раковина, улитка, animal, escargot, garden, nature, slug, snail
🦋: бабочка, красота, мотылек, насекомое, butterfly, insect, pretty
🐛: гусеница, жук, многоножка, насекомое, сороконожка, animal, bug, garden, insect
🐜: муравей, насекомое, animal, ant, garden, insect
🐝: жало, желто-черная, мед, насекомое, природа, пчела, animal, bee, bumblebee, honey, honeybee, insect, nature, spring
🪲: букашка, жук, жучок, клоп, насекомое, animal, beetle, bug, insect
🐞: божья, жук, жучок, коровка, насекомое, природа, сад, божья коровка, animal, beetle, garden, insect, lady, ladybird, ladybug, nature, lady beetle
🦗: кузнечик, насекомое, сверчок, цикада, animal, bug, cricket, grasshopper, insect, orthoptera
🪳: вредитель, мерзкий, насекомое, прусак, таракан, animal, cockroach, insect, pest, roach
🕷: насекомое, паук, черная вдова, animal, insect, spider
🕸: паук, паутина, сети, сеть, spider, web, spider web
🦂: гороскоп, знак, знак зодиака, зодиак, скорпион, scorpio, scorpion, scorpius, zodiac
🦟: вирус, комар, кровосос, лихорадка, малярия, москит, насекомое, укус, bite, disease, fever, insect, malaria, mosquito, pest, virus
🪰: вредитель, зараза, личинка, муха, насекомое, animal, disease, fly, insect, maggot, pest, rotting
🪱: дождевой червь, животное, земляной червь, круглый червь, паразит, червь, червяк, animal, annelid, earthworm, parasite, worm
🦠: амеба, бактерия, вирус, микроб, наука, amoeba, bacteria, microbe, science, virus
💐: букет, любовь, подарок, поздравление, праздник, розы, романтика, свидание, тюльпаны, цветы, anniversary, birthday, bouquet, date, flower, love, plant, romance
🌸: мальва, сакура, цвести, цветок, цветок вишни, blossom, cherry, flower, plant, spring, springtime, cherry blossom
💮: белый, цветок, белый цветок, flower, white, white flower
🪷: буддизм, индуизм, красота, лотос, медитация, спокойствие, умиротворение, цветок, чистота, beauty, buddhism, calm, flower, hinduism, lotus, peace, purity, serenity
🏵: растение, розетка, розочка, цветок, plant, rosette
🌹: бутон, валентинка, красная, красота, любовь, растение, роза, цветок, элегантность, beauty, elegant, flower, love, plant, red, rose, valentine
🥀: завяла, лепесток, роза, увядший, цветок, увядший цветок, dying, flower, wilted, wilted flower
🌺: гибискус, китайская роза, цветок, flower, hibiscus, plant
🌻: подсолнух, солнце, цветок, flower, outdoors, plant, sun, sunflower
🌼: растение, цветок, blossom, buttercup, dandelion, flower, plant
🌷: тюльпан, цвести, цветок, blossom, flower, growth, plant, tulip
🪻: лаванда, львиный зев, люпин, цветок, гиацинт, bloom, bluebonnet, flower, hyacinth, indigo, lavender, lilac, lupine, plant, purple, shrub, snapdragon, spring, violet
🌱: молодое растение, молодой, новое растение, новый, растение, росток, plant, sapling, seedling, sprout, young
🪴: горшок, домашнее растение, растение, растение в горшке, растение в доме, цветок в горшке, decor, grow, house, nurturing, plant, pot, potted, potted plant
🌲: вечнозеленое дерево, дерево, елка, ель, лес, новый год, christmas, evergreen, forest, pine, tree, evergreen tree
🌳: дерево, зеленое, листва, растение, deciduous, forest, green, habitat, shedding, tree, deciduous tree
🌴: дерево, пальма, тропики, beach, palm, plant, tree, tropical, palm tree
🌵: зеленое, кактус, колючки, мексика, растение, текила, cactus, desert, drought, nature, plant
🌾: зерно, колос, пшеница, рис, ear, grain, grains, plant, rice, sheaf, sheaf of rice
🌿: ветка, веточка, листья, трава, herb, leaf, plant
☘: ирландия, клевер, растение, трилистник, irish, plant, shamrock
🍀: клевер, удача, четыре, четырехлистный клевер, 4, clover, four, four-leaf, irish, leaf, lucky, plant, four leaf clover
🍁: клен, кленовый лист, красный, лист, осень, falling, leaf, maple, maple leaf
🍂: листопад, листья, осень, падающие листья, autumn, fall, fallen, falling, leaf, fallen leaf
🍃: ветер, листопад, листья, листья на ветру, blow, flutter, fluttering, leaf, wind, leaf fluttering in wind
🪹: гнездо, гнездование, домой, природа, птицы, пусто, пустое гнездо, branch, empty, home, nest, nesting, empty nest
🪺: гнездо, гнездо с яйцами, гнездование, кладка яиц, природа, птицы, яйца, bird, branch, egg, eggs, nest, nesting, nest with eggs
🍄: гриб, мухомор, несъедобный, поганка, ядовитый, fungus, mushroom, toadstool
🪾: дерево без листвы, дерево без листьев, засуха, зима, bare, barren, branches, dead, drought, leafless, tree, trunk, winter, wood, leafless tree
🍇: ветвь винограда, виноград, виноградина, сок, фрукт, dionysus, fruit, grape, grapes
🍈: дыня, растение, фрукт, ягода, cantaloupe, fruit, melon
🍉: арбуз, растение, фрукт, ягода, fruit, watermelon
🍊: апельсин, клементин, мандарин, фрукт, цитрус, цитрусовый, c, citrus, fruit, nectarine, orange, tangerine, vitamin
🍋: кислый, лимон, фрукт, цитрус, цитрусовый, citrus, fruit, lemon, sour
🍋‍🟩: зеленый, кислота, коктейль, лайм, маргарита, мохито, сок, текила, тропический, фрукт, цитрус, цитрусовый, acidity, citrus, cocktail, fruit, garnish, key, lime, margarita, mojito, refreshing, salsa, sour, tangy, tequila, tropical, zest
🍌: банан, фрукт, banana, fruit, potassium
🍍: ананас, фрукт, colada, fruit, pina, pineapple, tropical
🥭: еда, манго, сладкий, тропики, тропический, фрукт, food, fruit, mango, tropical
🍎: зрелое, красное, фрукт, яблоко, красное яблоко, apple, diet, food, fruit, health, red, ripe, red apple
🍏: зеленое, фрукт, яблоко, зеленое яблоко, apple, fruit, green, green apple
🍐: груша, фрукт, fruit, pear
🍑: нектарин, персик, фрукт, fruit, peach
🍒: вишни, вишня, дерево, плоды, фрукт, черешни, черешня, berries, cherries, cherry, fruit, red
🍓: земляника, клубника, ягода, berry, fruit, strawberry
🫐: голубика, голубой, черника, ягода, berries, berry, bilberry, blue, blueberries, blueberry, food, fruit
🥝: еда, киви, фрукт, food, fruit, kiwi, kiwi fruit
🍅: овощ, помидор, томат, ягода, food, fruit, tomato, vegetable
🫒: еда, маслина, олива, оливка, food, olive
🥥: кокос, кокосы, орех, пальма, пина колада, coconut, colada, palm, piña
🥑: авокадо, еда, фрукт, avocado, food, fruit
🍆: баклажан, овощ, синенькие, синенький, aubergine, eggplant, vegetable
🥔: еда, картофель, картошка, овощ, food, potato, vegetable
🥕: еда, морковка, морковь, овощ, carrot, food, vegetable
🌽: кукуруза, кукурузный початок, початок, corn, crops, ear, farm, maize, maze, ear of corn
🌶: красный, острый, перец, растение, чили, острый перец, hot, pepper, hot pepper
🫑: болгарский перец, еда, овощ, перец, растение, сладкий, bell, capsicum, food, pepper, vegetable, bell pepper
🥒: еда, зелень, овощ, огурец, огурчик, соленье, cucumber, food, pickle, vegetable
🥬: ботва, зеленый, капуста, латук, листовой, листья, салат, зеленый салат, bok, burgers, cabbage, choy, green, kale, leafy, lettuce, salad, leafy green
🥦: брокколи, капуста, broccoli, cabbage, wild
🧄: вкус, головка, готовить, еда, запах, приправа, специя, чеснок, чесночный, flavoring, garlic
🧅: головка, готовить, еда, лук, луковица, луковый, плакать, репчатый, flavoring, onion
🥜: арахис, еда, овощ, орех, food, nut, peanut, peanuts, vegetable
🫘: бобовые, бобы, еда, кидни, фасоль, beans, food, kidney, legume, small
🌰: каштан, растение, almond, chestnut, plant
🫚: имбирь, корень, специя, корень имбиря, beer, ginger, health, herb, natural, root, spice, ginger root
🫛: бобовые, бобы, горох, овощ, стручок, эдамамэ, стручок гороха, beans, beanstalk, edamame, legume, pea, pod, soybean, vegetable, veggie, pea pod
🍄‍🟫: бурый гриб, вегетарианство, веги, гриб, грибок, грибочек, грибы, еда, овощ, природа, food, fungi, fungus, mushroom, nature, pizza, portobello, shiitake, shroom, spore, sprout, toppings, truffle, vegetable, vegetarian, veggie, brown mushroom
🫜: корень, овощ, огород, репа, свекла, корнеплод, beet, food, garden, radish, root, salad, turnip, vegetable, vegetarian, root vegetable
🍞: батон, буханка, хлеб, bread, carbs, food, grain, loaf, restaurant, toast, wheat
🥐: еда, круассан, рогалик, французский, хлеб, bread, breakfast, crescent, croissant, food, french, roll
🥖: багет, батон, булка, еда, французский, хлеб, baguette, bread, food, french, baguette bread
🫓: еда, лаваш, лепешка, наан, пита, тортилья, хлеб, arepa, bread, flatbread, food, gordita, lavash, naan, pita
🥨: брецель, бублик, закрученный, крендель, претцель, convoluted, pretzel, twisted
🥯: баранка, бейгель, бейгл, бублик, выпечка, еда, завтрак, намазать, bagel, bakery, bread, breakfast, schmear
🥞: блинчики, блины, еда, масленица, оладьи, оладья, breakfast, crêpe, food, hotcake, pancake, pancakes
🧇: вафельный, вафли, вафля, десерт, еда, завтрак, breakfast, indecisive, iron, waffle
🧀: дырки, желтый, кусок, сыр, cheese, wedge, cheese wedge
🍖: кость, мясо, мясо на косточке, рулька, bone, meat, meat on bone
🍗: еда, кость, куриная ножка, курица, нога, окорочок, птица, bone, chicken, drumstick, hungry, leg, poultry, turkey, poultry leg
🥩: вырезка, красное мясо, кусок, кусок мяса, мясо, отбивная, стейк, chop, cut, lambchop, meat, porkchop, red, steak, cut of meat
🥓: бекон, еда, мясо, bacon, breakfast, food, meat
🍔: бургер, бутерброд, гамбургер, сэндвич, фастфуд, burger, eat, fast, food, hamburger, hungry
🍟: картофель, картошка, фастфуд, фри, картофель фри, fast, food, french, fries, french fries
🍕: кусок, кусок пиццы, перекус, пицца, сыр, cheese, food, hungry, pepperoni, pizza, slice
🌭: в тесте, горчица, перекус, сосиска, тесто, хот-дог, dog, frankfurter, hot, hotdog, sausage, hot dog
🥪: бутерброд, сендвич, сэндвич, хлеб, bread, sandwich
🌮: кухня, мексика, мексиканская кухня, перекус, тако, mexican, taco
🌯: буррито, бурритос, кухня, мексика, мексиканская кухня, ролл, тортилья, burrito, mexican, wrap
🫔: еда, завернутый, мексиканский, памонья, тамал, тамале, food, mexican, pamonha, tamale, wrapped
🥙: еда, кебаб, лаваш, перекус, пита, фалафель, шаверма, шаурма, falafel, flatbread, food, gyro, kebab, stuffed, stuffed flatbread
🧆: бобовый, бобы, вегетарианский, горох, гороховый, еда, нут, фалафель, шарик, chickpea, falafel, meatball
🥚: еда, завтрак, скорлупа, яйцо, breakfast, egg, food
🍳: глазунья, жарить, желток, завтрак, сковорода, яичница, яйцо, яичница на сковороде, breakfast, cooking, easy, egg, fry, frying, over, pan, restaurant, side, sunny, up
🥘: еда, паэлья, плов, рагу, рагу в сковороде, сковорода, casserole, food, paella, pan, shallow, shallow pan of food
🍲: горячая еда, горячее, кастрюля, кастрюля с горячей едой, обед, первое, суп, тарелка с горячей едой, food, pot, soup, stew, pot of food
🫕: еда, какелон, плавленый, сыр, фондю, швейцарский, шоколад, cheese, chocolate, fondue, food, melted, pot, ski
🥣: глубокая, гранола, завтрак, каша, миска, мюсли, пиала, тарелка, хлопья, миска с ложкой, bowl, breakfast, cereal, congee, oatmeal, porridge, spoon, bowl with spoon
🥗: еда, овощи, овощная нарезка, овощной салат, огород, салат, урожай, food, green, salad, green salad
🍿: кукуруза, попкорн, стакан, corn, movie, pop, popcorn
🧈: готовить, еда, масленка, масло, масляный, молокопродукты, молочный, сливки, сливочное, butter, dairy
🧂: вкус, еда, морская соль, приправа, соленый, солонка, соль, condiment, flavor, mad, salt, salty, shaker, taste, upset
🥫: банка, банка сгущенки, жестянка, консервированная еда, консервная банка, консервы, can, canned, food, canned food
🍱: бенто, бизнес ланч, бэнто, коробка с суши и рисом, обед, bento, box, food, bento box
🍘: крекер, рис, рисовый крекер, cracker, food, rice, rice cracker
🍙: онигири, рис, рисовый шар, рисовый шарик, шарик, япония, ball, food, japanese, rice, rice ball
🍚: вареный, гарнир, еда, миска, обед, плошка, рис, тарелка, чашка, cooked, food, rice, cooked rice
🍛: карри, обед, рис, рис с карри, curry, food, rice, curry rice
🍜: доширак, лапша, локшина, миска, обед, пар, чашка, bowl, chopsticks, food, noodle, pho, ramen, soup, steaming, steaming bowl
🍝: вермишель, лапша, макаронные изделия, макароны, паста, спагетти, food, meatballs, pasta, restaurant, spaghetti
🍠: батат, картофель, картошка, печеный сладкий картофель, сладкий картофель, food, potato, roasted, sweet, roasted sweet potato
🍢: закуска, на палочке, одэн, шашлык, шашлычок из морепродуктов, food, kebab, oden, restaurant, seafood, skewer, stick
🍣: кухня, суши, япония, food, sushi
🍤: жареная креветка, креветка, креветки, темпура, fried, prawn, shrimp, tempura, fried shrimp
🍥: камабоко, начинка, рыба, рыбная котлета, сурими, юла, cake, fish, food, pastry, restaurant, swirl, fish cake with swirl
🥮: лунный пирог, лунный пряник, осень, фестиваль, юэбин, autumn, cake, festival, moon, yuèbǐng, moon cake
🍡: данго, десерт, конфета, леденец, мороженое на палочке, на палочке, сладости, сладость, японский, dango, dessert, japanese, skewer, stick, sweet
🥟: вареники, гёдза, колдуны, пельмени, равиоли, ушки, цзяоцзы, вареник, dumpling, empanada, gyōza, jiaozi, pierogi, potsticker
🥠: гадание, оракул, печенье, печенье с предсказанием, предсказание, cookie, fortune, prophecy, fortune cookie
🥡: доставка еды, еда на вынос, еда с собой, коробка для еды на вынос, коробка с едой, на вынос, палочки, с собой, box, chopsticks, delivery, food, oyster, pail, takeout, takeout box
🍦: ванильное мороженое, вафельный стаканчик, вафля, десерт, мороженое, мороженое в стаканчике, мягкое мороженое, рожок, cream, dessert, food, ice, icecream, restaurant, serve, soft, sweet, soft ice cream
🍧: десерт, креманка, мороженое, мороженое в креманке, строганый лед, dessert, ice, restaurant, shaved, sweet, shaved ice
🍨: десерт, мороженое, сладкое, холодное, cream, dessert, food, ice, restaurant, sweet, ice cream
🍩: глазурь, пирожок, пончик, сладкое, breakfast, dessert, donut, doughnut, food, sweet
🍪: выпечка, десерт, печенье, сладкое, сладость, chip, chocolate, cookie, dessert, sweet
🎂: выпечка, день рождения, отмечать, пирог, праздник, с днем рождения, свечи, свечки, сладкое, торт, торт ко дню рождения, bday, birthday, cake, celebration, dessert, happy, pastry, sweet, birthday cake
🍰: выпечка, десерт, крем, кусочек торта, сладкая, торт, cake, dessert, pastry, shortcake, slice, sweet
🧁: выпечка, десерт, еда, капкейк, кекс, корзиночка с кремом, пирожное, сахар, сладости, bakery, cupcake, dessert, sprinkles, sugar, sweet, treat
🥧: выпечка, кусок пирога, мясной пирог, пирог, сдоба, торт, фруктовый пирог, шарлотка, apple, filling, fruit, meat, pastry, pie, pumpkin, slice
🍫: десерт, какао, плитка шоколада, сладость, шоколад, шоколадка, bar, candy, chocolate, dessert, halloween, sweet, tooth, chocolate bar
🍬: конфета, леденец, обертка, сладкая, сладость, фантик, candy, cavities, dessert, halloween, restaurant, sweet, tooth, wrapper
🍭: конфета, конфета на палочке, леденец, леденец на палочке, на палочке, палочка, радуга, сладкий, сладость, candy, dessert, food, lollipop, restaurant, sweet
🍮: десерт, пудинг, сладкий, custard, dessert, pudding, sweet
🍯: бочонок, бочонок меда, горшок, горшок с медом, мед, barrel, bear, food, honey, honeypot, jar, pot, sweet, honey pot
🍼: бутылка, бутылочка с соской, дети, кормить, молоко, новорожденный, прикорм, сосать, соска, babies, baby, birth, born, bottle, drink, infant, milk, newborn, baby bottle
🥛: молоко, напиток, полный стакан, стакан, стакан молока, drink, glass, milk, glass of milk
☕: горячий, кипяток, кофе, напиток, пар, чаепитие, чай, горячий напиток, beverage, cafe, caffeine, chai, coffee, drink, hot, morning, steaming, tea, hot beverage
🫖: заварка, заварочный чайник, напиток, чай, чайник, brew, drink, food, pot, tea, teapot
🍵: зеленый, чай, чашка, чашка без ручки, чашка зеленого чая, чашка чая, beverage, cup, drink, handle, oolong, tea, teacup, teacup without handle
🍶: бутылка саке, водка, выпивать, горячее, саке, япония, bar, beverage, bottle, cup, drink, restaurant, sake
🍾: бутылка, вино, игристое, отмечать, праздновать, пробка, шампанское, bar, bottle, cork, drink, popping, bottle with popping cork
🍷: алкоголь, бокал, бокал вина, вино, красное вино, alcohol, bar, beverage, booze, club, drink, drinking, drinks, glass, restaurant, wine, wine glass
🍸: бар, бокал, коктейль, напиток, alcohol, bar, booze, club, cocktail, drink, drinking, drinks, glass, mad, martini, men, cocktail glass
🍹: зонтик, напиток, прохладительный, соломинка, тропики, тропический коктейль, alcohol, bar, booze, club, cocktail, drink, drinking, drinks, drunk, mai, party, tai, tropical, tropics, tropical drink
🍺: кружка, кружка пива, пена, пенное, пивная кружка, пиво, alcohol, ale, bar, beer, booze, drink, drinking, drinks, mug, octoberfest, oktoberfest, pint, stein, summer, beer mug
🍻: бар, выпивать, кружки пива, пенное, пивные кружки, пиво, тост, чокающиеся кружки, чокнуться, alcohol, bar, beer, booze, bottoms, cheers, clink, clinking, drinking, drinks, mugs, clinking beer mugs
🥂: бокал, годовщина, звон, напиток, отмечать, праздник, праздновать, чокающиеся бокалы, шампанское, celebrate, clink, clinking, drink, glass, glasses, clinking glasses
🥃: бурбон, вино, виски, коктейль, коньяк, ликер, стакан, стакан для виски, стакан с виски, glass, liquor, scotch, shot, tumbler, whiskey, whisky, tumbler glass
🫗: вода, выливать, вылить, наливать, напиток, оплошность, опустошить, пролить, пустой, случайность, стакан, стакан с жидкостью, accident, drink, empty, glass, liquid, oops, pour, pouring, spill, water, pouring liquid
🥤: вода, газировка, кола, минеральная вода, напиток, питье, сок, стакан с газировкой, стакан с соломинкой, стаканчик с трубочкой, cup, drink, juice, malt, soda, soft, straw, water, cup with straw
🧋: баббл, бабл, боба чай, еда, жемчужный, молоко, напиток, чай, чай с шариками, шарик, boba, bubble, food, milk, pearl, tea, bubble tea
🧃: картон, напиток, пакет, пакетик сока, пить, сок, трубочка, beverage, box, juice, straw, sweet, beverage box
🧉: мате, матэ, напиток, пить, трубочка, чай, drink, mate
🧊: кубик, кубик льда, лед, ледяной, холод, холодный, cold, cube, ice, iceberg
🥢: палочки, палочки для еды, палочки для суши, приборы, столовые, японские палочки, chopsticks, hashi, jeotgarak, kuaizi
🍽: вилка, нож, прибор, сервировка, стол, столовый, тарелка, тарелка с приборами, cooking, dinner, eat, fork, knife, plate, fork and knife with plate
🍴: вилка, еда, завтрак, нож, обед, перекус, прибор, ресторан, ужин, вилка и нож, breakfast, breaky, cooking, cutlery, delicious, dinner, eat, feed, food, fork, hungry, knife, lunch, restaurant, yum, yummy, fork and knife
🥄: ложечка, ложка, прибор, приборы, стол, столовые, столовый прибор, чайная, eat, spoon, tableware
🔪: кухонный, нож, оружие, острие, резать, холодное, chef, cooking, hocho, kitchen, knife, tool, weapon, kitchen knife
🫙: банка, варенье, мариновать, пустая, соленья, хранить, condiment, container, empty, jar, nothing, sauce, store
🏺: амфора, кувшин, сосуд, amphora, aquarius, cooking, drink, jug, tool, weapon, zodiac
🌍: африка, глобус, европа, европа и африка на земном шаре, земля, земной шар, шар, africa, earth, europe, europe-africa, globe, showing, world, globe showing europe-africa
🌎: америка, глобус, земной, мир, шар, америка на земном шаре, americas, earth, globe, showing, world, globe showing americas
🌏: австралия, азия, азия и австралия на земном шаре, глобус, земля, земной шар, шар, asia, asia-australia, australia, earth, globe, showing, world, globe showing asia-australia
🌐: глобус, земля, земной, меридиан, меридианы, мир, шар, earth, globe, internet, meridians, web, world, worldwide, globe with meridians
🗺: атлас, карта, мир, страны, карта мира, map, world, world map
🗾: атлас, карта, япония, карта японии, japan, map, map of japan
🧭: компас, магнит, навигация, направление, ориентирование, поход, путешествие, путь, света, стороны, турист, compass, direction, magnetic, navigation, orienteering
🏔: вершина, гора, гора со снежной шапкой, снег, cold, mountain, snow, snow-capped, snow-capped mountain
⛰: вершина, гора, пик, mountain
🛘: землетрясение, камнепад, лавина, обвал, опасность, осыпь, сель, оползень, avalanche, danger, disaster, earthquake, mountain, mudslide, rocks, landslide
🌋: вулкан, извержение вулкана, кратер, лава, eruption, mountain, nature, volcano
🗻: вулкан, гора, фудзияма, fuji, mount, mountain, nature, mount fuji
🏕: кемпинг, лагерь, палатка, поход, camping
🏖: зонт, лето, море, остров, отпуск, пальма, песок, пляж, пляжный, солнце, beach, umbrella, beach with umbrella
🏜: кактус, песок, пустыня, солнце, desert
🏝: кокос, лето, море, необитаемый, остров, отпуск, пальма, пустыня, desert, island, desert island
🏞: заповедник, национальный парк, парк, природа, national, park, national park
🏟: игры, матч, олимпийские, соревнования, стадион, stadium
🏛: античное, античность, здание, классический, колонны, стиль, храм, античное здание, building, classical, classical building
🏗: кран, строительство, стройка, building, construction, crane, building construction
🧱: глина, кирпич, кирпичи, кирпичная, кирпичный, кладка, стена, brick, bricks, clay, mortar, wall
🪨: булыжник, жесткий, камень, скала, твердый, тяжелый, boulder, heavy, rock, solid, stone, tough
🪵: бревно, древесина, дрова, лес, пень, полено, log, lumber, timber, wood
🛖: дом, хижина, юрта, home, house, hut, roundhouse, shelter, yurt
🏘: городок, дача, дома, здания, поселок, house, houses
🏚: дом, заброшенный, развалины, упадок, заброшенный дом, derelict, home, house, derelict house
🏠: дача, дом, домашний, здание, родной, стены, building, country, heart, home, house, ranch, settle, simple, suburban, suburbia, where
🏡: дача, дом, загородный, крыша, сад, стены, усадьба, дом с садом, building, country, garden, heart, home, house, ranch, settle, simple, suburban, suburbia, where, house with garden
🏢: бизнес-центр, здание, офис, офисное, работа, офисное здание, building, city, cubical, job, office, office building
🏣: здание, почта, япония, японская, японское, японская почта, building, japanese, office, post, japanese post office
🏤: европа, здание, почта, building, european, office, post, post office
🏥: больница, госпиталь, здание, лечение, поликлиника, помощь, скорая, стационар, хоспис, building, doctor, hospital, medicine
🏦: банк, деньги, здание, bank, building
🏨: гостиница, здание, отель, хостел, building, hotel
🏩: гостиница, дом, здание, отель, публичный, свидания, гостиница для свиданий, building, hotel, love, love hotel
🏪: 24 часа, здание, круглосуточный магазин, магазин, покупки, сутки, 24, building, convenience, hours, store, convenience store
🏫: здание, колледж, обучение, учебное, школа, building, school
🏬: здание, магазин, супермаркет, торговый, универмаг, универсам, центр, building, department, store, department store
🏭: завод, предприятие, промышленность, фабрика, building, factory
🏯: замок, здание, япония, японский замок, building, castle, japanese, japanese castle
🏰: башни, замок, крепость, укрепение, форт, building, castle, european
💒: венчание, свадьба, сердечки, собор, церемония, церковь, chapel, hitched, nuptials, romance, wedding
🗼: архитектура, башня, вышка, телебашня, телевышка, токио, токийская башня, tokyo, tower, tokyo tower
🗽: нью-йорк, свобода, статуя, статуя свободы, факел, liberty, new, ny, nyc, statue, york, statue of liberty
⛪: здание, монастырь, религия, собор, храм, христианство, церковь, bless, chapel, christian, church, cross, religion
🕌: здание, ислам, мечеть, мусульмане, религия, islam, masjid, mosque, muslim, religion
🛕: ашрам, индийский, индуизм, храм, церковь, индуистский храм, hindu, temple, hindu temple
🕍: евреи, здание, иудаизм, религия, синагога, церковь, jew, jewish, judaism, religion, synagogue, temple
⛩: религия, святилище, синто, синтоизм, синтоистский, храм, япония, синтоистский храм, religion, shinto, shrine, shinto shrine
🕋: ислам, кааба, мусульмане, религия, святыня, хадж, hajj, islam, kaaba, muslim, religion, umrah
⛲: брызги, вода, источник, родник, фонтан, fountain
⛺: кемпинг, лагерь, палатка, поход, тент, camping, tent
🌁: дымка, облака, туман, туманно, fog, foggy
🌃: город, звездная, звезды, месяц, ночной, ночь, звездная ночь, night, star, stars, night with stars
🏙: вид, город, городской, многоэтажки, ночь, пейзаж, вид на город, city, cityscape
🌄: восход, горы, закат, заря, пейзаж, рассвет, солнце, утро, восход солнца над горами, morning, mountains, over, sun, sunrise, sunrise over mountains
🌅: вечер, восход, заря, лучи, пейзаж, рассвет, солнце, утро, morning, nature, sun, sunrise
🌆: вечер, вечерний, высотки, город, закат, заход, многоэтажки, небоскреб, солнце, закат в городе, at, building, city, cityscape, dusk, evening, landscape, sun, sunset, cityscape at dusk
🌇: вечер, высотные, город, дома, закат, заход, небоскреб, романтика, солнце, building, dusk, sun, sunset
🌉: мост, ночь, ночью, мост ночью, at, bridge, night, bridge at night
♨: гейзер, горячие, источники, пар, поток, горячие источники, hot, hotsprings, springs, steaming, hot springs
🎠: аттракцион, карусель, лошадка, лошадь, лошадь на карусели, carousel, entertainment, horse, carousel horse
🛝: горка, детская, играть, игровая, кататься, парк, площадка, развлечений, детская горка, amusement, park, play, playground, playing, slide, sliding, theme, playground slide
🎡: аттракцион, веселье, обозрения, чертово, колесо обозрения, amusement, ferris, park, theme, wheel, ferris wheel
🎢: американские, аттракцион, горка, горки, американские горки, amusement, coaster, park, roller, theme, roller coaster
💈: барбершоп, волосы, парикмахерская, салон, стрижка, цирюльник, barber, cut, fresh, haircut, pole, shave, barber pole
🎪: цирк, цирковой, шапито, шатер, цирковой шатер, circus, tent, circus tent
🚂: вагон, локомотив, паровоз, поезд, caboose, engine, locomotive, railway, steam, train, trains, travel
🚃: вагон, общественный, поезд, рельсы, трамвай, транспорт, фуникулер, car, electric, railway, train, tram, travel, trolleybus, railway car
🚄: дорога, железная, поезд, пуля, синкансэн, скоростной поезд, скорость, high-speed, railway, shinkansen, speed, train, high-speed train
🚅: поезд, поезд-пуля, пуля, синкансэн, скорость, bullet, high-speed, nose, railway, shinkansen, speed, train, travel, bullet train
🚆: дорога, ж/д, железная дорога, поезд, транспорт, arrived, choo, railway, train
🚇: метро, подземка, поезд, станция, тоннель, транспорт, metro, subway, travel
🚈: легкий рельсовый транспорт, метро, монорельс, трамвай, транспорт, электричка, arrived, light, monorail, rail, railway, light rail
🚉: вокзал, ж/д вокзал, ж/д станция, железнодорожная станция, железнодорожный вокзал, рельсы, станция, электричка, railway, station, train
🚊: рельсы, трамвай, транспорт, tram, trolleybus
🚝: легкое, метро, монорельс, рельсы, транспорт, monorail, vehicle
🚞: горы, дорога, железная, поезд, поезд в горах, рельсы, транспорт, электричка, car, mountain, railway, trip, mountain railway
🚋: вагон, рельсы, трамвай, трамвайный вагон, электричество, bus, car, tram, trolley, trolleybus, tram car
🚌: автобус, маршрутка, мини автобус, общественный транспорт, транспорт, школьный автобус, bus, school, vehicle
🚍: автобус, лобовое, общественный транспорт, приближающийся автобус, спереди, стекло, транспорт, автобус спереди, bus, cars, oncoming, oncoming bus
🚎: дорога, общественный, провода, транспорт, троллейбус, электричество, bus, tram, trolley, trolleybus
🚐: автобус, бусик, газель, маршрутка, микроавтобус, поездка, bus, drive, minibus, van, vehicle
🚑: больница, врачи, машина, машина скорой помощи, помощь, скорая, ambulance, emergency, vehicle
🚒: машина, огонь, пожар, пожарная, пожарные, спасатели, пожарная машина, engine, fire, truck, fire engine
🚓: машина, милиция, патруль, полицейская машина, полицейские, полиция, 5–0, car, cops, patrol, police, police car
🚔: лобовое стекло, машина, полицейская машина, полицейская машина спереди, полицейские, полиция, приближающаяся полицейская машина, проблесковый маячок, сирена, car, oncoming, police, oncoming police car
🚕: водитель, желтое такси, машина, такси, транспорт, убер, шашечки, cab, cabbie, car, drive, taxi, vehicle, yellow
🚖: машина, приближающееся такси, такси, такси спереди, транспорт, cab, cabbie, cars, drove, hail, oncoming, taxi, yellow, oncoming taxi
🚗: автомобиль, машина, транспорт, automobile, car, driving, vehicle
🚘: автомобиль, автомобиль спереди, машина, машина спереди, приближающаяся машина, приближающийся автомобиль, транспорт, automobile, car, cars, drove, oncoming, vehicle, oncoming automobile
🚙: suv, автомобиль, джип, жилой, легковой, машина, отдых, фургон, car, drive, recreational, sport, sportutility, utility, vehicle, sport utility vehicle
🛻: автомобиль, грузовик, машина, перевозка, пикап, транспорт, automobile, car, flatbed, pick-up, pickup, transportation, truck, pickup truck
🚚: газель, груз, грузовик, грузовой, доставка, кузов, перевозки, транспорт, car, delivery, drive, truck, vehicle, delivery truck
🚛: газель, грузовик, кузов, перевозка, переезд, транспорт, фура, articulated, car, drive, lorry, move, semi, truck, vehicle, articulated lorry
🚜: сельское, техника, трактор, транспорт, хозяйство, tractor, vehicle
🏎: автомобиль, гонки, гоночный автомобиль, скорость, спортивный автомобиль, car, racing, zoom, racing car
🏍: байк, гонки, мотоцикл, опасность, скорость, motorcycle, racing
🛵: мопед, мотороллер, скутер, транспорт, motor, scooter, motor scooter
🦽: инвалид, коляска, кресло, ручной, транспорт, кресло-коляска с ручным приводом, accessibility, manual, wheelchair, manual wheelchair
🦼: инвалид, кресло, кресло-коляска, кресло-коляска с мотором, транспорт, электропривод, accessibility, motorized, wheelchair, motorized wheelchair
🛺: авторикша, мопед, моторикша, рикша, такси, транспорт, тук-тук, туктук, auto, rickshaw, tuk, auto rickshaw
🚲: велик, велосипед, колеса, крутить педали, педали, прокатиться, руль, спорт, транспорт, bicycle, bike, class, cycle, cycling, cyclist, gang, ride, spin, spinning
🛴: колеса, руль, самокат, транспорт, kick, scooter, kick scooter
🛹: доска, доска с колесиками, доска с роликами, колеса, роликовая доска, скейт, скейтборд, скейтер, board, skate, skateboard, skater, wheels
🛼: коньки, ролики, роликовые коньки, спорт, blades, roller, skate, skates, sport, roller skate
🚏: автобус, автобусная остановка, знак, остановка, bus, busstop, stop, bus stop
🛣: автомагистраль, автострада, дорога, магистраль, путь, разметка, шоссе, highway, motorway, road
🛤: ж/д, железная дорога, путь, рельсы, шпалы, railway, track, train, railway track
🛢: бочка, емкость, нефть, drum, oil, oil drum
⛽: автозаправка, автозаправочная станция, азс, бензин, дизель, заправка, станция, топливо, diesel, fuel, fuelpump, gas, gasoline, pump, station, fuel pump
🛞: автомобильное колесо, диск, колесо, колпак, круг, поворот, шина, car, circle, tire, turn, vehicle, wheel
🚨: красная, мигалка, полиция, проблесковый маячок, сигнальные огни, сирена, экстренная ситуация, alarm, alert, beacon, car, emergency, light, police, revolving, siren, police car light
🚥: горизонтальный светофор, свет, светофор, horizontal, intersection, light, signal, stop, stoplight, traffic, horizontal traffic light
🚦: вертикальный светофор, перекресток, свет, светофор, drove, intersection, light, signal, stop, stoplight, traffic, vertical, vertical traffic light
🛑: восьмиугольник, знак, знак «стоп», красный знак, остановка, стоп, octagonal, sign, stop, stop sign
🚧: барьер, заграждение, опасность, преграда, препятствие, строительные работы, строительство, стройка, barrier, construction
⚓: корабль, якорь, anchor, ship, tool
🛟: безопасность, круг, надувной, помощь, спасательный круг, спасение, buoy, float, life, lifesaver, preserver, rescue, ring, safety, save, saver, swim, ring buoy
⛵: кораблик, лодка, отдых, парус, парусник, яхта, boat, resort, sailboat, sailing, sea, yacht
🛶: байдарка, весло, индейцы, каноэ, каяк, лодка, boat, canoe
🚤: вода, двигатель, катер, круиз, лодка, море, мотор, яхта, billionaire, boat, lake, luxury, millionaire, speedboat, summer, travel
🛳: круиз, лайнер, пассажирский лайнер, пассажиры, перевозки, судно, passenger, ship, passenger ship
⛴: паром, перевозки, транспорт, boat, ferry, passenger
🛥: вода, двигатель, катер, корабль, лодка, мотор, моторка, моторная лодка, яхта, boat, motor, motorboat, motor boat
🚢: груз, корабль, круиз, лайнер, морской, пароход, перевозки, судно, титаник, boat, passenger, ship, travel
✈: воздух, крылья, перевозки, самолет, aeroplane, airplane, fly, flying, jet, plane, travel
🛩: воздух, крылья, маленький, перевозки, самолет, маленький самолет, aeroplane, airplane, plane, small, small airplane
🛫: взлет, взлетаю, отправление, посадка, регистрация, самолет, улетать, aeroplane, airplane, check-in, departure, departures, plane, airplane departure
🛬: посадка, прибытие, приземляется, садится, самолет, aeroplane, airplane, arrival, arrivals, arriving, landing, plane, airplane arrival
🪂: крыло, параглайд, парасейл, парашют, парашютист, скайдайв, hang-glide, parachute, parasail, skydive
💺: кресло, кресло в самолете, место, пассажирское кресло, сиденье, стул, chair, seat
🚁: вертолет, винт, воздух, лопасти, транспорт, copter, helicopter, roflcopter, travel, vehicle
🚟: вагон, дорога, железная, подвесная, подвесная железная дорога, railway, suspension, suspension railway
🚠: вагон, вагон фуникулера, горы, кабинка, подъем, подъемник, тросы, фуникулер, cable, cableway, gondola, lift, mountain, ski, mountain cableway
🚡: дорога, канат, канатная дорога, подвесная дорога, подъемник, трамвай, тросы, фуникулер, aerial, cable, car, gondola, ropeway, tramway, aerial tramway
🛰: космос, спутник, satellite, space
🚀: быстро, взлет, космос, ракета, скорость, launch, rocket, rockets, space, travel
🛸: инопланетный гость, инопланетяне, летающая тарелка, марсианин, нло, пришелец, пришельцы, тарелка, aliens, extra, flying, saucer, terrestrial, ufo, flying saucer
🛎: вызов, гостиница, гостиничный звонок, звоночек, звук, отель, портье, bell, bellhop, hotel, bellhop bell
🧳: багаж, путешествие, чемодан, bag, luggage, packing, roller, suitcase, travel
⌛: время, песок, песочные часы, часы, done, hourglass, sand, time, timer, hourglass done
⏳: время, время пошло, песок, песочные, часы, done, flowing, hourglass, hours, not, sand, timer, waiting, yolo, hourglass not done
⌚: время, запястье, наручные, рука, часы, наручные часы, clock, time, watch
⏰: будильник, время, заводить, звенит, напоминание, подъем, сигнал, часы, alarm, clock, hours, hrs, late, time, waiting, alarm clock
⏱: время, кнопка, секундомер, стрелки, таймер, точность, часы, clock, stopwatch, time
⏲: время, отсчет, сигнал, таймер, часы, clock, timer, timer clock
🕰: винтажные, время, камин, каминные часы, старинные, украшение, часы, clock, mantelpiece, time, mantelpiece clock
🕛: 00, 00:00, 12, 12:00, двенадцать, двенадцать часов, дня, ночи, полдень, полночь, clock, o’clock, time, twelve, twelve o’clock
🕧: 00:30, 12, 12:30, 30, двенадцать, первого, половина, полпервого, тридцать, clock, thirty, time, twelve, twelve-thirty
🕐: 1:00, 13:00, время, дня, ночи, один, час, часы, 1, clock, o’clock, one, time, one o’clock
🕜: 1:30, время, полвторого, половина, тик так, тик-так, час, час тридцать, часы, 1, 30, clock, one, one-thirty, thirty, time
🕑: время, два, два часа, час, часы, 2, 2:00, clock, o’clock, time, two, two o’clock
🕝: 14:30, 2:30, время, два тридцать, полтретьего, час, часы, 2, 30, clock, thirty, time, two, two-thirty
🕒: 15:00, 3:00, время, время три часа, ровно, три, три часа, час, часы, 3, clock, o’clock, three, time, three o’clock
🕞: 15:30, 3:30, время, половина, полчетвертого, три тридцать, тридцать, час, часы, 3, 30, clock, thirty, three, three-thirty, time
🕓: 16:00, 4:00, время, время четыре часа, ровно, час, часы, четыре, четыре часа, 4, clock, four, o’clock, time, four o’clock
🕟: 16:30, 4:30, время, половина, полпятого, тридцать, час, часы, четыре тридцать, 30, 4, clock, four, four-thirty, thirty, time
🕔: 17:00, 5:00, время, время пять часов, пять, пять часов, ровно, час, часы, 5, clock, five, o’clock, time, five o’clock
🕠: 17:30, 5:30, время, половина, полшестого, пять, тридцать, час, часы, 30, 5, clock, five, five-thirty, thirty, time
🕕: 18:00, 6:00, время, время шесть часов, ровно, час, часы, шесть, шесть часов, 6, clock, o’clock, six, time, six o’clock
🕡: 18:30, 6:30, время, половина, полседьмого, тридцать, час, часы, шесть, 30, 6, clock, six, six-thirty, thirty
🕖: 19:00, 7:00, время, время семь часов, ровно, семь, семь часов, час, часы, 0, 7, clock, o’clock, seven, seven o’clock
🕢: 19:30, 7:30, время, полвосьмого, половина, семь, тридцать, час, часы, 30, 7, clock, seven, seven-thirty, thirty
🕗: 20:00, 8, восемь, восемь часов, время, время восемь часов, ровно, час, часы, 8:00, clock, eight, o’clock, time, eight o’clock
🕣: 20:30, 8:30, восемь тридцать, время, полдевятого, половина, тридцать, час, часы, 30, 8, clock, eight, eight-thirty, thirty, time
🕘: 21:00, 9:00, время, время девять часов, девять, девять часов, ровно, час, часы, 9, clock, nine, o’clock, time, nine o’clock
🕤: 21:30, 9:30, время, девять тридцать, полдесятого, половина, тридцать, час, часы, 30, 9, clock, nine, nine-thirty, thirty, time
🕙: 10:00, 22:00, время, время десять часов, десять, десять часов, ровно, час, часы, 0, 10, clock, o’clock, ten, ten o’clock
🕥: 10:30, 22:30, время, десять, пол-одиннадцатого, половина, тридцать, час, часы, 10, 30, clock, ten, ten-thirty, thirty, time
🕚: 11, 11:00, 23:00, время, время одиннадцать часов, одиннадцать, одиннадцать часов, ровно, час, часы, clock, eleven, o’clock, time, eleven o’clock
🕦: 11:30, 23:30, время, одиннадцать, полдвенадцатого, половина, тридцать, час, часы, 11, 30, clock, eleven, eleven-thirty, thirty, time
🌑: луна, месяц, новая, новолуние, ночь, темная ночь, темно, dark, moon, new, space, new moon
🌒: луна, месяц, молодая, молодой, молодая луна, crescent, dreams, moon, space, waxing, waxing crescent moon
🌓: луна, луна в первой четверти, месяц, небо, четверть, first, moon, quarter, space, first quarter moon
🌔: луна, месяц, небо, прибывающая, прибывающая луна, gibbous, moon, space, waxing, waxing gibbous moon
🌕: луна, месяц, небо, полная, полнолуние, полный, full, moon, space, full moon
🌖: луна, месяц, небо, планета, убывающая, убывающая луна, gibbous, moon, space, waning, waning gibbous moon
🌗: луна, луна в последней четверти, месяц, небо, четверть, last, moon, quarter, space, last quarter moon
🌘: затмение, луна, месяц, небо, старая, убывающая, старая луна, crescent, moon, space, waning, waning crescent moon
🌙: луна, месяц, полумесяц, crescent, moon, ramadan, space, crescent moon
🌚: лицо, луна, луна с лицом, молодая луна с лицом, новая луна, новая луна с лицом, новолуние, темная, черная луна, face, moon, new, space, new moon face
🌛: лицо, луна, луна в первой четверти с лицом, месяц, небо, половинка луны, четвертинка луны, четверть, четверть луны, face, first, moon, quarter, space, first quarter moon face
🌜: лицо, луна, луна в последней четверти с лицом, месяц, небо, полу месяц, полумесяц, четверть, dreams, face, last, moon, quarter, last quarter moon face
🌡: градусник, измерение, температура, термометр, thermometer, weather
☀: жарко, лучи, планета, погода, солнце, bright, rays, space, sun, sunny, weather
🌝: круглая, круглая луна, лицо, месяц, небо, полная луна, полная луна с лицом, bright, face, full, moon, full moon face
🌞: лицо, небо, солнце, солнце с лицом, beach, bright, day, face, heat, shine, sun, sunny, sunshine, weather, sun with face
🪐: кольца, кольцо, космос, планета, планета с кольцом, сатурн, planet, ringed, saturn, saturnine, ringed planet
⭐: астрономия, желтая, звезда, звезды, желтая звезда, astronomy, medium, star, stars, white
🌟: звезда, свет, сияние, сияющая звезда, glittery, glow, glowing, night, shining, sparkle, star, win, glowing star
🌠: желание, загадать желание, звезда, звездопад, небо, падающая, падающая звезда, falling, night, shooting, space, star, shooting star
🌌: звезды, космос, млечный путь, молоко, путь, созвездие, milky, space, way, milky way
☁: небо, облако, туча, cloud, weather
⛅: непогода, облака, облако, облачно, погода, солнце, солнце за облаками, behind, cloud, cloudy, sun, weather, sun behind cloud
⛈: гроза, гром, дождь, молния, облако, туча, cloud, lightning, rain, thunder, thunderstorm, cloud with lightning and rain
🌤: облако, облачко, пасмурно, солнце, солнце за облачком, туча, behind, cloud, sun, weather, sun behind small cloud
🌥: облако, облачно, солнце, солнце за облаком, туча, behind, cloud, sun, weather, sun behind large cloud
🌦: грибной дождь, дождь, облако, осадки, слепой дождь, солнце, солнце за тучей, туча, behind, cloud, rain, sun, weather, sun behind rain cloud
🌧: дождь, осадки, туча, cloud, rain, weather, cloud with rain
🌨: облако, осадки, погода, снег, снегопад, туча, cloud, cold, snow, weather, cloud with snow
🌩: гром, молния, облако, погода, туча, cloud, lightning, weather, cloud with lightning
🌪: ветер, вихрь, катастрофа, смерч, торнадо, ураган, cloud, tornado, weather, whirlwind
🌫: видимость, густой туман, низкая, облачность, плохая видимость, туман, cloud, fog, weather
🌬: ветер, вьюга, дует, лицо, пурга, снежная королева, дует ветер, blow, cloud, face, wind, wind face
🌀: завихрение, тайфун, циклон, юла, cyclone, dizzy, hurricane, twister, typhoon, weather
🌈: дождь, осадки, погода, природа, радуга, цвета, gay, genderqueer, glbt, glbtq, lesbian, lgbt, lgbtq, lgbtqia, nature, pride, queer, rain, rainbow, trans, transgender, weather
🌂: дождь, закрытый зонт, зонт, зонтик, осадки, closed, clothing, rain, umbrella, closed umbrella
☂: вода, дождь, зонт, зонтик, осадки, открытый зонт, погода, clothing, rain, umbrella
☔: зонт, зонт под дождем, зонтик, зонтик под дождем, капли, капля, ливень, погода, под дождем, clothing, drop, drops, rain, umbrella, weather, umbrella with rain drops
⛱: аксессуар, дождь, защита, зонт, зонтик, непогода, пляж, пляжный зонт, солнце, ground, rain, sun, umbrella, umbrella on ground
⚡: буря, высоковольтное, высокое напряжение, гром, молниеносный, молния, напряжение, опасность, электричество, danger, electric, electricity, high, lightning, nature, thunder, thunderbolt, voltage, zap, high voltage
❄: зима, небо, рисунок, снег, снежинка, снежок, холод, холодно, cold, snow, snowflake, weather
☃: снег, снеговик, снеговик под снегом, фигура, человек, человечек, cold, man, snow, snowman
⛄: снег, снеговик, снеговичок, снежная баба, снежная скульптура, фигура, человек, человечек, cold, man, snow, snowman, snowman without snow
☄: комета, космос, метеор, метеорит, метеоритный дождь, небо, планета, comet, space
🔥: костер, огонь, очаг, пламя, af, burn, fire, flame, hot, lit, litaf, tool
💧: вода, дождь, капелька, капля, пот, слеза, cold, comic, drop, droplet, nature, sad, sweat, tear, water, weather
🌊: вода, волна, море, морская пена, океан, серфинг, nature, ocean, surf, surfer, surfing, water, wave, water wave
🎃: праздник, тыква, тыква-фонарь, фонарь из тыквы, хеллоуин, хэллоуин, celebration, halloween, jack, jack-o-lantern, lantern, pumpkin
🎄: елка, новогодняя елка, новый год, праздник, рождество, celebration, christmas, tree, christmas tree
🎆: пиротехника, праздник, салют, свет, фейерверк, шум, boom, celebration, entertainment, fireworks, yolo
🎇: бенгальский огонь, искры, новый год, огонь, праздник, салют, boom, celebration, fireworks, sparkle, sparkler
🧨: взрыв, взрывчатка, динамит, динамитная шашка, искра, петарда, фейерверк, хлопушка, шашка, dynamite, explosive, fire, firecracker, fireworks, light, pop, popping, spark
✨: блестка, блестки, звезда, звезды, искры, мерцание, свет, *, magic, sparkle, sparkles, star
🎈: веревочка, воздух, воздушный, праздник, шарик, воздушный шарик, balloon, birthday, celebrate, celebration
🎉: бабах, веселье, вечеринка, день рождения, мишура, поздравление, праздник, хлопушка, awesome, birthday, celebrate, celebration, excited, hooray, party, popper, tada, woohoo, party popper
🎊: вечеринка, конфетти, праздник, ball, celebrate, celebration, confetti, party, woohoo, confetti ball
🎋: бамбук, бамбук с бумажными лентами, бумага, дерево, лента, танабата, традиция, япония, banner, celebration, japanese, tanabata, tree, tanabata tree
🎍: бамбук, новый год, растение, рождество, сосна, украшенный бамбук, япония, bamboo, celebration, decoration, japanese, pine, plant, pine decoration
🎎: две, кукла, праздник, фестиваль, японские куклы, celebration, doll, dolls, festival, japanese, japanese dolls
🎏: вымпелы, вымпелы в виде карпов, карпы, палочка, рыбки, рыбы, carp, celebration, streamer, carp streamer
🎐: бубенчик, ветер, звон, музыка ветра, bell, celebration, chime, wind, wind chime
🎑: луна, праздник, праздник луны, церемония, celebration, ceremony, moon, viewing, moon viewing ceremony
🧧: деньги, китай, конверт, красный, подарок, традиция, удача, красный конверт, envelope, gift, good, hóngbāo, lai, luck, money, red, see, red envelope
🎀: бант, бантик, волосы, лента, одежда, праздник, celebration, ribbon
🎁: бант, бантик, год, день, коробка, новый, подарок, праздник, рождения, рождество, birthday, bow, box, celebration, christmas, gift, present, surprise, wrapped, wrapped gift
🎗: лента, памятная лента, память, celebration, reminder, ribbon, reminder ribbon
🎟: билет, билеты, вход, квиток, концерт, пропуск, самолет, театр, транспорт, услуги, admission, ticket, tickets, admission tickets
🎫: билет, билетик, вход, квиток, концерт, пропуск, самолет, театр, транспорт, услуги, admission, stub, ticket
🎖: военная медаль, война, заслуги, медаль, награда, одежда, орден, award, celebration, medal, military, military medal
🏆: кубок, победа, приз, трофей, чемпион, champion, champs, prize, slay, sport, trophy, victory, win, winning
🏅: достижение, медаль, место, победа, спорт, спортивная медаль, award, gold, medal, sports, winner, sports medal
🥇: золотая медаль, золото, медаль, место, первое место, победа, победители, победитель, чемпион, чемпионы, 1st, first, gold, medal, place, 1st place medal
🥈: второе место, медаль, серебро, серебряная медаль, 2nd, medal, place, second, silver, 2nd place medal
🥉: бронза, бронзовая медаль, медаль, третье место, 3rd, bronze, medal, place, third, 3rd place medal
⚽: игра, мяч, спорт, футбол, футбольный, ball, football, futbol, soccer, sport, soccer ball
⚾: бейсбол, бейсбольный, игра, мяч, спорт, ball, baseball, sport
🥎: бита, зажать, игра, мягкий, мяч, нести, перчатка, софтбол, спорт, ball, glove, softball, sports, underarm
🏀: баскетбол, баскетбольный, игра, кольцо, мяч, спорт, ball, basketball, hoop, sport
🏐: волейбол, волейбольный, игра, мяч, спорт, ball, game, volleyball
🏈: американский, игра, мяч, спорт, футбол, американский футбол, american, ball, bowl, football, sport, super, american football
🏉: игра, мяч, регби, спорт, ball, football, rugby, sport, rugby football
🎾: игра, мяч, мячик, ракетка, спорт, теннис, теннисная, теннисный, ball, racquet, sport, tennis
🥏: бросать, диск, досуг, игра, летающая тарелка, летающий диск, спорт, фрисби, disc, flying, ultimate, flying disc
🎳: боулинг, игра, кегли, спорт, страйк, шар, шары, ball, bowling, game, sport, strike
🏏: бита, игра, крикет, мяч, спорт, ball, bat, cricket, game, cricket game
🏑: бег, игра, клюшка, трава, хоккей, хоккей на траве, ball, field, game, hockey, stick, field hockey
🏒: игра, клюшка, лед, спорт, хоккей, шайба, game, hockey, ice, puck, stick, ice hockey
🥍: гол, забить, клюшка, лакросс, мяч, ракетка, ball, goal, lacrosse, sports, stick
🏓: мяч, мячик, настольный теннис, пинг-понг, ракетка, стол, теннис, шарик, ball, bat, game, paddle, ping, pingpong, pong, table, tennis, ping pong
🏸: бадминтон, волан, воланчик, игра, ракетка, спорт, badminton, birdie, game, racquet, shuttlecock
🥊: бокс, боксерская, перчатка, спорт, боксерская перчатка, boxing, glove, boxing glove
🥋: боевые искусства, дзюдо, карате, тхэквондо, форма, спортивное кимоно, arts, judo, karate, martial, taekwondo, uniform, martial arts uniform
🥅: ворота, гол, сетка, спорт, спортивные ворота, goal, net, goal net
⛳: гольф, игра, лунка, поле, спорт, флаг, флажок, flag, golf, hole, sport, flag in hole
⛸: ботинок, катание, каток, конек, коньки, лед, лезвие, скорость, фигурное катание, ice, skate, skating, ice skate
🎣: крючок, леска, наживка, рыба, рыбалка, спининг, удочка, удочка с рыбой, улов, entertainment, fish, fishing, pole, sport, fishing pole
🤿: дайвинг, маска, маска с трубкой, нырять, подводная, подводное плавание, подводный, спорт, трубка, diving, mask, scuba, snorkeling, diving mask
🎽: атлетика, бег, спорт, футболка, футболка для бега, athletics, running, sash, shirt, running shirt
🎿: горные лыжи, горы, лыжи, склон, снег, спорт, трасса, ski, skis, snow, sport
🛷: гора, катание, сани, санки, снег, спуск, luge, sled, sledge, sleigh, snow, toboggan
🥌: игра, камень, керлинг, лед, спорт, щетка, curling, game, rock, stone, curling stone
🎯: дартс, доска, дротик, мишень, попадание, bull, bullseye, dart, direct, entertainment, game, hit, target
🪀: игрушка, йо-йо, йойо, fluctuate, toy, yo-yo
🪁: ветер, воздушный змей, змей, игра, летать, парить, fly, kite, soar
🔫: водный пистолет, водяной пистолет, игрушка, огнестрельное, оружие, пистолет, револьвер, gun, handgun, pistol, revolver, tool, water, weapon, water pistol
🎱: 8, бильярд, восьмерка, игра, пул, черный шар, шар, 8ball, ball, billiard, eight, game, pool, pool 8 ball
🔮: будущее, волшебство, гадание, магия, предсказание, хрусталь, хрустальный шар, шар, ball, crystal, fairy, fairytale, fantasy, fortune, future, magic, tale, tool, crystal ball
🪄: волшебная палочка, волшебник, волшебство, колдунья, магия, фокус, magic, magician, wand, witch, wizard, magic wand
🎮: play, playstation, station, видеоигры, игры, компьютер, компьютерные, приставка, controller, entertainment, game, video, video game
🕹: видеоигра, видеоигры, джойстик, игра, игровая приставка, игры, компьютер, компьютерная приставка, приставка, game, joystick, video, videogame
🎰: автомат, азарт, деньги, игровой, игры, казино, игровой автомат, casino, gamble, gambling, game, machine, slot, slots, slot machine
🎲: игра, игральная кость, кости, кубик, кубики, dice, die, entertainment, game, game die
🧩: головоломка, досуг, игра, кусочек, кусочек пазла, мозаика, пазл, собирать, clue, interlocking, jigsaw, piece, puzzle, puzzle piece
🧸: игрушка, медвежонок, мишка, мягкая игрушка, плюшевая игрушка, плюшевый мишка, bear, plaything, plush, stuffed, teddy, toy, teddy bear
🪅: вечеринка, мексиканский, пиньята, праздник, праздновать, сладости, candy, celebrate, celebration, cinco, de, festive, mayo, party, pinada, pinata, piñata
🪩: блестеть, вечеринка, диско, диско-шар, дискотека, зеркальный, зеркальный шар, танцы, ball, dance, disco, glitter, mirror, party, mirror ball
🪆: игрушка, кукла, матрешка, матрешки, россия, русская, babooshka, baboushka, babushka, doll, dolls, matryoshka, nesting, russia, nesting dolls
♠: игра, карты, масть, пики, card, game, spade, suit, spade suit
♥: игра, карты, масть, червы, card, emotion, game, heart, hearts, suit, heart suit
♦: бубны, игра, карты, масть, card, diamond, game, suit, diamond suit
♣: игра, карты, масть, трефы, card, club, clubs, game, suit, club suit
♟: игра, пешка, фигура, шахматная фигура, шахматы, chess, dupe, expendable, pawn, chess pawn
🃏: джокер, игра, карты, card, game, joker, wildcard
🀄: игра, игральные, китай, кости, кубики, маджонг, dragon, game, mahjong, red, mahjong red dragon
🎴: игра, карты, ханафуда, цветочная, цветы, япония, цветочная карта, card, cards, flower, game, japanese, playing, flower playing cards
🎭: драма, искусство, комедия, маски, постановка, премьера, театр, шекспир, actor, actress, art, arts, entertainment, mask, performing, theater, theatre, thespian, performing arts
🖼: картина, картина в раме, картина в рамке, пейзаж, природа, рама, рамка, art, frame, framed, museum, painting, picture, framed picture
🎨: краски, палитра, палитра с красками, рисовать, творить, художник, art, artist, artsy, arty, colorful, creative, entertainment, museum, painter, painting, palette, artist palette
🧵: вышивка, иголка, катушка, катушка ниток, нитки, нить, рукоделие, шить, шитье, штопать, needle, sewing, spool, string, thread
🪡: вышивка, игла, иголка, стежки, швы, шитье, швейная игла, embroidery, needle, sew, sewing, stitches, sutures, tailoring, thread, sewing needle
🧶: вязание, клубок, клубок ниток, нитки, пряжа, ball, crochet, knit, yarn
🪢: веревка, канат, узел, шнур, шнурок, cord, knot, rope, tangled, tie, twine, twist
👓: аксессуар, глаза, защита, зрение, одежда, очки, clothing, eye, eyeglasses, eyewear, glasses
🕶: аксессуар, защита, очки, солнечные очки, солнце, солнцезащитные, темные, dark, eye, eyewear, glasses, sunglasses
🥽: защита, защитные, лыжная, маска, нырять, очки, плавание, сварка, защитные очки, dive, eye, goggles, protection, scuba, swimming, welding
🥼: белый халат, лаборатория, лабораторный халат, форма, халат, clothes, coat, doctor, dr, experiment, jacket, lab, scientist, white, lab coat
🦺: жилет, защитный, спасательный, спасать, экстренный, спасательный жилет, emergency, safety, vest, safety vest
👔: галстук, одежда, офис, работа, рубашка, серьезный, сотрудник, clothing, employed, necktie, serious, shirt, tie
👕: короткие, одежда, рубашка, рукава, футболка, blue, casual, clothes, clothing, collar, dressed, shirt, shopping, t-shirt, tshirt, weekend
👖: брюки, джинсы, штаны, blue, casual, clothes, clothing, denim, dressed, jeans, pants, shopping, trousers, weekend
🧣: обмотать, повязать, шарф, шея, bundle, cold, neck, scarf, up
🧤: аксессуар, одежда, перчатки, руки, gloves, hand
🧥: верхняя, куртка, одежда, пальто, пиджак, brr, bundle, coat, cold, jacket, up
🧦: ноги, носки, чулки, socks, stocking
👗: женская одежда, женское, одежда, платье, clothes, clothing, dress, dressed, fancy, shopping
👘: кимоно, одежда, традиции, япония, clothing, comfortable, kimono
🥻: женская, индия, одежда, платье, сари, традиционная, clothing, dress, sari
🩱: закрытый, купальник, одежда, плавать, слитный, спорт, цельный, цельный купальник, bathing, one-piece, suit, swimsuit, one-piece swimsuit
🩲: купальник, одежда, плавать, плавки, трусы, шорты, bathing, briefs, one-piece, suit, swimsuit, underwear
🩳: белье, купальник, одежда, плавать, плавки, спорт, трусы, шорты, bathing, pants, shorts, suit, swimsuit, underwear
👙: бассейн, бикини, купальник, море, отпуск, плавать, bathing, beach, bikini, clothing, pool, suit, swim
👚: блузка, женщина, одежда, платье, розовая, футболка, blouse, clothes, clothing, collar, dress, dressed, lady, shirt, shopping, woman, woman’s, woman’s clothes
🪭: веер, жара, жарко, застенчивый, опахало, охлаждение, танец, clack, clap, cool, cooling, dance, fan, flirt, flutter, folding, hand, hot, shy, folding hand fan
👛: аксессуар, деньги, кошелек, мелочь, сумка, сумочка, clothes, clothing, coin, dress, fancy, handbag, purse, shopping
👜: женская, сумка, сумочка, bag, clothes, clothing, dress, handbag, lady, purse, shopping
👝: аксессуар, багаж, вещи, женское, клатч, мешок, саквояж, сумочка, театр, чедоман, bag, clothes, clothing, clutch, dress, handbag, pouch, purse, clutch bag
🛍: магазины, новое, обновки, пакеты, покупки, шопинг, bag, bags, hotel, shopping, shopping bags
🎒: портфель, ранец, рюкзак, школа, backpack, backpacking, bag, bookbag, education, rucksack, satchel, school
🩴: вьетнамки, обувь, пляж, сланцы, шлепанцы, шлепки, beach, flip, flop, sandal, sandals, shoe, thong, thongs, zōri, thong sandal
👞: ботинки, ботинок, мужская, мужчина, обувь, туфли, туфля, brown, clothes, clothing, feet, foot, kick, man, man’s, shoe, shoes, shopping, man’s shoe
👟: бег, кеды, кроссовки, обувь, побежать, пробежка, спорт, athletic, clothes, clothing, fast, kick, running, shoe, shoes, shopping, sneaker, tennis, running shoe
🥾: ботинки, идти, кемпинг, палатка, поход, рюкзак, треккинговая обувь, треккинговые ботинки, треккинговый ботинок, туристическая обувь, туристические ботинки, backpacking, boot, brown, camping, hiking, outdoors, shoe, hiking boot
🥿: балетки, без каблука, обувь на плоской подошве, слиперы, туфли, туфли без каблука, туфли на плоской подошве, удобно, ballet, comfy, flat, flats, shoe, slip-on, slipper, flat shoe
👠: женщина, каблук, на каблуке, обувь, стиль, туфли, туфли на каблуке, clothes, clothing, dress, fashion, heel, heels, high-heeled, shoe, shoes, shopping, stiletto, woman, high-heeled shoe
👡: босоножки, женская, женщина, каблук, лето, обувь, сабо, сандалии, clothing, sandal, shoe, woman, woman’s, woman’s sandal
🩰: балерина, балет, обувь, пуанты, танец, туфли, ballet, dance, shoes, ballet shoes
👢: высокая, женская, каблук, обувь, одежда, сапог, сапоги, холодно, шоппинг, boot, clothes, clothing, dress, shoe, shoes, shopping, woman, woman’s, woman’s boot
🪮: афро, волосы, гребень, расческа, афро-гребень, afro, comb, groom, hair, pick, hair pick
👑: голова, королева, король, корона, монарх, царица, царство, царь, clothing, crown, family, king, medieval, queen, royal, royalty, win
👒: женская, женщина, летняя, одежда, шляпа, шляпка, clothes, clothing, garden, hat, hats, party, woman, woman’s, woman’s hat
🎩: магия, мужчина, одежда, фокус, цилиндр, черная, черный, шляпа, clothes, clothing, fancy, formal, hat, magic, top, tophat, top hat
🎓: бонет, выпускник, выпускной, конфедератка, шапочка, шапочка выпускника, cap, celebration, clothing, education, graduation, hat, scholar, graduation cap
🧢: бейсболка, головной убор, кепка, шапка, baseball, bent, billed, cap, dad, hat, billed cap
🪖: армия, воин, каска, солдат, армейская каска, army, helmet, military, soldier, war, warrior, military helmet
⛑: головной убор, каска с белым крестом, крест, лицо, спасатель, шлем, aid, cross, face, hat, helmet, rescue, worker’s, rescue worker’s helmet
📿: бусы, колье, молитва, ожерелье, религия, четки, beads, clothing, necklace, prayer, religion, prayer beads
💄: губы, косметика, макияж, помада, cosmetics, date, lipstick, makeup
💍: бриллиант, драгоценный, камень, кольцо, обручальное, помолвка, свадьба, diamond, engaged, engagement, married, ring, romance, shiny, sparkling, wedding
💎: алмаз, драгоценность, драгоценный камень, камень, цена, diamond, engagement, gem, jewel, money, romance, stone, wedding, gem stone
🔇: без звука, громкость, звук, молчание, тихо, тишина, mute, muted, quiet, silent, sound, speaker, muted speaker
🔈: громкость, динамик, звук, низкая, уровень, низкая громкость, low, soft, sound, speaker, volume, speaker low volume
🔉: громкоговоритель, громкость, динамик, звук, рупор, спикер, средняя, уровень, средняя громкость, medium, sound, speaker, volume, speaker medium volume
🔊: высокая, громкость, динамик, звук, уровень, высокая громкость, high, loud, music, sound, speaker, volume, speaker high volume
📢: внимание, громкоговоритель, звук, обращение, объявление, рупор, address, communication, loud, loudspeaker, public, sound
📣: громкоговоритель, звук, мегафон, обращение, объявление, речь, рупор, cheering, megaphone, sound
📯: почта, почтовый рожок, рожок, труба, horn, post, postal, postal horn
🔔: будильник, звонок, колокол, колокольчик, bell, break, church, sound
🔕: будильник, будильник отключен, колокол, отключить, перечеркнутый колокольчик, перечеркнуть, тихо, тишина, bell, forbidden, mute, no, not, prohibited, quiet, silent, slash, sound, bell with slash
🎼: ключ, музыка, нотный стан, ноты, скрипичный, стан, music, musical, note, score, musical score
🎵: звук, мелодия, музыка, нота, music, musical, note, sound, musical note
🎶: звуки, мелодия, музыка, ноты, music, musical, note, notes, sound, musical notes
🎙: вокал, звук, микрофон, музыка, пение, студийный микрофон, mic, microphone, music, studio, studio microphone
🎚: звук, музыка, слайдер, уровень, level, music, slider, level slider
🎛: звук, музыка, регулятор, регуляторы, ручка, уровень, control, knobs, music, control knobs
🎤: звук, караоке, микрофон, пение, karaoke, mic, microphone, music, sing, sound
🎧: вкладыши, гарнитура, затычки, звук, капли, музыка, наушники, earbud, headphone, sound
📻: передача, приемник, радио, сигнал, entertainment, radio, tbt, video
🎷: инструмент, музыка, музыкальный инструмент, саксофон, instrument, music, sax, saxophone
🎺: духовой инструмент, инструмент, музыка, музыкальный инструмент, труба, instrument, music, trumpet
🪊: грусть, джаз, духовой, инструмент, музыка, тромбон, brass, instrument, jazz, music, sad, slide, trombone
🪗: аккордеон, баян, гармонь, гармошка, концертина, accordion, box, concertina, instrument, music, squeeze, squeezebox
🎸: гитара, гитарист, инструмент, концерт, музыка, музыкальный, рок, guitar, instrument, music, strat
🎹: инструмент, клавиши, клавишные, музыка, музыкальный инструмент, пианино, рояль, синтезатор, instrument, keyboard, music, musical, piano, musical keyboard
🎻: инструмент, музыка, музыкальный инструмент, скрипка, смычковый, смычок, струнный инструмент, струны, instrument, music, violin
🪕: банджо, гитара, играть, инструмент, музыка, струнный, banjo, music, stringed
🥁: барабан, инструмент, музыка, музыкальный инструмент, палочки, ударные, drum, drumsticks, music
🪘: барабан, бит, конга, музыкальный инструмент, ритм, тамтам, beat, conga, drum, instrument, long, rhythm, long drum
🪇: вечеринка, инструмент, маракасы, музыка, музыкальные инструменты, перкуссия, погремушки, ритм, танец, танцы, трясти, ча-ча-ча, cha, dance, instrument, maracas, music, party, percussion, rattle, shake, shaker
🪈: группа, деревянный духовой инструмент, дудочка, духовой инструмент, инструмент, музыка, оркестр, продольная флейта, сопилка, труба, флейта, флейта пикколо, флейтист, band, fife, flautist, flute, instrument, marching, music, orchestra, piccolo, pipe, recorder, woodwind
🪉: ангелочек, арфа, инструмент, купидон, любовь, музыка, оркестр, cupid, harp, instrument, love, music, orchestra
📱: мобильник, мобильный, смартфон, сотовый, телефон, мобильный телефон, cell, communication, mobile, phone, telephone, mobile phone
📲: входящий, вызов, мобильник, мобильный, смартфон, сотовый, телефон, входящий вызов, arrow, build, call, cell, communication, mobile, phone, receive, telephone, mobile phone with arrow
☎: аппарат, линия, телефон, трубка, phone, telephone
📞: телефон, телефонная трубка, трубка, communication, phone, receiver, telephone, voip, telephone receiver
📟: пейджер, сообщение, строка, экран, communication, pager
📠: бумага, сообщение, факс, communication, fax, machine, fax machine
🔋: аккумулятор, батарейка, батарея, заряд, уровень заряда, battery
🪫: аккумулятор, батарейка, батарея, заряд, мало зарядки, низкий заряд, низкий уровень заряда, предмет, разрядилась, разряжено, battery, drained, electronic, energy, low, power, low battery
🔌: вилка, розетка, штекер, штепсель, электричество, electric, electricity, plug, electric plug
💻: компьютер, ноутбук, портативный, computer, laptop, office, pc, personal
🖥: компьютер, монитор, настольный, экран, computer, desktop, monitor, desktop computer
🖨: бумага, печать, принтер, computer, printer
⌨: клавиатура, клавиши, периферия, computer, keyboard
🖱: кнопки, мышка, мышь, периферия, устройство, computer, mouse, computer mouse
🖲: ввод, компьютер, трекбол, шар, computer, trackball
💽: cd, диск, компьютер, компьютерный диск, мини-диск, оптический диск, си ди, си-ди, сиди, computer, disk, minidisk, optical, computer disk
💾: данные, дискета, компьютер, носитель, computer, disk, floppy, floppy disk
💿: cd, диск, компакт, компакт-диск, си ди, си-ди, сиди, формат, blu-ray, computer, disk, dvd, optical, optical disk
📀: cd, dvd, двд, двд-диск, дивиди, диск, формат, blu-ray, computer, disk, optical
🧮: вычисления, подсчет, счеты, abacus, calculation, calculator
🎥: видеокамера, камера, кино, кинокамера, снять, съемка, фильм, bollywood, camera, cinema, film, hollywood, movie, record, movie camera
🎞: кадр, кинематограф, кино, кинопленка, пленка, фильм, cinema, film, frames, movie, film frames
📽: видео, кино, кинопроектор, показ, проектор, cinema, film, movie, projector, video, film projector
🎬: дубль, кино, киносъемки, нумератор, нумератор с хлопушкой, снято, сцена, хлопушка, хлопушка-нумератор, action, board, clapper, movie, clapper board
📺: тв, телевидение, телевизор, television, tv, video
📷: съемка, фото, фотоаппарат, фотокамера, camera, photo, selfie, snap, tbt, trip, video
📸: вспышка, съемка, фото, фотоаппарат, фотоаппарат со вспышкой, фотокамера, camera, flash, video, camera with flash
📹: видео, видеокамера, запись, съемка, camcorder, camera, tbt, video, video camera
📼: видео, видеокассета, кассета, пленка, old, school, tape, vcr, vhs, video, videocassette
🔍: влево, линза, лупа, лупа, наклоненная влево, наклоненная влево, стекло, увеличительное, glass, lab, left, left-pointing, magnifying, science, search, tilted, tool, magnifying glass tilted left
🔎: вправо, исследовать, лаборатория, лупа, лупа, наклоненная вправо, наклоненная вправо, стекло, увеличительное, contact, glass, lab, magnifying, right, right-pointing, science, search, tilted, tool, magnifying glass tilted right
🕯: воск, огонь, пламя, свет, свеча, свечка, тепло, candle, light
💡: идея, лампа, лампочка, свет, эврика, электричество, bulb, comic, electric, idea, light, light bulb
🔦: свет, фонарик, фонарь, электричество, electric, flashlight, light, tool, torch
🏮: бумага, бумажный, китай, китайский фонарик, красный, огонь, свет, фонарик, фонарь, красный бумажный фонарик, bar, lantern, light, paper, red, restaurant, red paper lantern
🪔: гореть, дия, лампа, масло, свет, масляная лампа, diya, lamp, light, oil, diya lamp
📔: блокнот, дневник, ежедневник, записи, записная, книжка, красивая, обложка, записная книжка, book, cover, decorated, decorative, education, notebook, school, writing, notebook with decorative cover
📕: закрытая, закрыть, захлопнутая, захлопнуть, книга, книжка, красивая обложка, обложка, закрытая книга, book, closed, education, closed book
📖: книга, книжка, открытая, открыть, раскрытая, раскрыть, открытая книга, book, education, fantasy, knowledge, library, novels, open, reading, open book
📗: библиотека, зеленая, книга, книжка, учеба, учиться, читать, чтение, зеленая книга, book, education, fantasy, green, library, reading, green book
📘: голубая, голубой, книга, книжка, синий, синяя, синяя книга, blue, book, education, fantasy, library, reading, blue book
📙: книга, книжка, оранжевая, оранжевый, оранжевая книга, book, education, fantasy, library, orange, reading, orange book
📚: библиотека, книги, книжки, много книг, сессия, стопка, стопка книг, учить, читать, экзамен, book, books, education, fantasy, knowledge, library, novels, reading, school, study
📓: блокнот, записная книжка, тетрадка, тетрадь, notebook
📒: блокнот, блокнотик, записная книжка, тетрадка, тетрадь, ledger, notebook
📃: документ, загиб, загнутая, загнутый, лист, лист с загибом, страница, страница с загибом, curl, document, page, paper, page with curl
📜: бумага, пергамент, свиток, paper, scroll
📄: вертикально, лист, страница, document, facing, page, paper, up, page facing up
📰: газета, известия, издание, новости, печать, communication, news, newspaper, paper
🗞: бумага, газета, новости, свернутая, свернутая газета, news, newspaper, paper, rolled, rolled-up, rolled-up newspaper
📑: закладки, клеящиеся, наклейки, отметки, стикеры, стикеры-закладки, bookmark, mark, marker, tabs, bookmark tabs
🔖: закладка, книга, книжка, отметка, bookmark, mark
🏷: бирка, сведения, этикетка, ярлык, label, tag
🪙: деньги, доллар, евро, золото, казна, металл, монета, рубль, серебро, coin, dollar, euro, gold, metal, money, rich, silver, treasure
💰: банкноты, деньги, доллар, доллары, мешок, мешок денег, миллион, много, bag, bank, bet, billion, cash, cost, dollar, gold, million, money, moneybag, paid, paying, pot, rich, win, money bag
🪎: богатство, деньги, драгоценности, золото, клад, монеты, награда, сокровища, сундук, сундук с сокровищами, gem, gold, jewels, loot, money, prize, silver, valuables, wealth, treasure chest
💴: банкнота, банкнота иены, валюта, деньги, иена, япония, bank, banknote, bill, currency, money, note, yen, yen banknote
💵: австралия, бакс, банкнота, банкнота доллара, валюта, деньги, доллар, канада, купюра, сша, bank, banknote, bill, currency, dollar, money, note, dollar banknote
💶: банкнота, валюта, деньги, евро, евросоюз, банкнота евро, 100, bank, banknote, bill, currency, euro, money, note, rich, euro banknote
💷: англия, банк, банкнота, банкнота фунта, валюта, великобритания, деньги, стерлинг, стерлингов, фунт, bank, banknote, bill, billion, cash, currency, money, note, pound, pounds, pound banknote
💸: бакс, банкнота, банкнота с крылышками, деньги, доллар, крылья, летающая, bank, banknote, bill, billion, cash, dollar, fly, million, money, note, pay, wings, money with wings
💳: банковская, деньги, заплатить, карта, карточка, кредитка, кредитная, оплатить, кредитная карта, bank, card, cash, charge, credit, money, pay, credit card
🧾: бухгалтерия, доказательство, квитанция, счет, фактура, чек, accounting, bookkeeping, evidence, invoice, proof, receipt
💹: биржа, валюта, деньги, курс, рост, рынок, тенденция, bank, chart, currency, graph, growth, increasing, market, money, rise, trend, upward, yen, chart increasing with yen
✉: конверт, письмо, почта, сообщение, электронное, e-mail, email, envelope, letter
📧: конверт, письмо, почта, сообщение, электронная почта, электронное письмо, электронное сообщение, e-mail, email, letter, mail
📨: входящее, конверт, письмо, получение, почта, сообщение, электронное, входящее письмо, delivering, e-mail, email, envelope, incoming, letter, mail, receive, sent, incoming envelope
📩: исходящее, исходящее письмо, конверт, отправка, сообщение, стрелка, электронное, arrow, communication, down, e-mail, email, envelope, letter, mail, outgoing, send, sent, envelope with arrow
📤: исходящая, исходящие, отправленная, отправленные, письма, почта, почтовый, сообщения, ящик, box, email, letter, mail, outbox, sent, tray, outbox tray
📥: входящие, входящие письма, полученная, полученные, полученные письма, почта, почтовый, ящик, box, email, inbox, letter, mail, receive, tray, zero, inbox tray
📦: доставка, коробка, посылка, почта, box, communication, delivery, package, parcel, shipping
📫: закрыт, закрытый почтовый ящик с поднятым флажком, поднятый, почта, почтовый, флаг, ящик, closed, communication, flag, mail, mailbox, postbox, raised, closed mailbox with raised flag
📪: закрыт, закрытый почтовый ящик с опущенным флажком, опущенный, почта, почтовый, флаг, ящик, closed, flag, lowered, mail, mailbox, postbox, closed mailbox with lowered flag
📬: открыт, открытый почтовый ящик с поднятым флажкгом, открытый почтовый ящик с поднятым флажком, письмо, поднятый, почта, почтовый, флаг, ящик, flag, mail, mailbox, open, postbox, raised, open mailbox with raised flag
📭: открытый почтовый ящик с опущенным флажком, flag, lowered, mail, mailbox, open, postbox, open mailbox with lowered flag
📮: корреспонденция, почта, почтовый, ящик, почтовый ящик, mail, mailbox, postbox
🗳: избирательная урна, ballot, box, ballot box with ballot
✏: карандаш, pencil
✒: перьевой наконечник, black, nib, pen, black nib
🖋: перьевая ручка, fountain, pen, fountain pen
🖊: ручка, чернила, шарик, шариковая, шариковая ручка, ballpoint, pen
🖌: кисточка, кисть, рисование, щетина, paintbrush, painting
🖍: восковой мелок, выделение, карандаш, красный, маркер, мелки, фломастер, цвет, crayon
📝: заметка, запись, карандаш, писать, письмо, communication, media, memo, notes, pencil
💼: портфель, briefcase, office
📁: бумаги, документы, папка, файл, file, folder, file folder
📂: открытая папка, file, folder, open, open file folder
🗂: маркированные папки, card, dividers, index, card index dividers
📅: календарь, calendar, date
📆: отрывной календарь, calendar, tear-off, tear-off calendar
🗒: перекидной блокнот, note, notepad, pad, spiral, spiral notepad
🗓: перекидной календарь, calendar, pad, spiral, spiral calendar
📇: органайзер, card, index, old, rolodex, school, card index
📈: диаграмма роста, chart, data, graph, growth, increasing, right, trend, up, upward, chart increasing
📉: диаграмма падения, chart, data, decreasing, down, downward, graph, negative, trend, chart decreasing
📊: гистограмма, bar, chart, data, graph, bar chart
📋: планшет с зажимом, clipboard, do, list, notes
📌: бумага, канцелярская кнопка, кнопка, collage, pin, pushpin
📍: канцелярская кнопка с шариком, location, map, pin, pushpin, round, round pushpin
📎: скрепка, paperclip
🖇: скрепки, link, linked, paperclip, paperclips, linked paperclips
📏: измерение, линейка, прямая, angle, edge, math, ruler, straight, straightedge, straight ruler
📐: линейка-треугольник, angle, math, rule, ruler, set, slide, triangle, triangular, triangular ruler
✂: инструмент, ножницы, резать, cut, cutting, paper, scissors, tool
🗃: картотека, box, card, file, card file box
🗄: архивный шкаф, cabinet, file, filing, paper, file cabinet
🗑: корзина для мусора, can, garbage, trash, waste, wastebasket
🔒: закрытый замок, closed, lock, locked, private
🔓: открытый замок, cracked, lock, open, unlock, unlocked
🔏: закрытый замок с перьевой ручкой, ink, lock, locked, nib, pen, privacy, locked with pen
🔐: безопасность, закрытый, закрытый замок с ключом, замок, ключ, bike, closed, key, lock, locked, secure, locked with key
🔑: ключ, key, keys, lock, major, password, unlock
🗝: старинный ключ, clue, key, lock, old, old key
🔨: забить, инструмент, молот, молоток, ремонт, удар, hammer, home, improvement, repairs, tool
🪓: дрова, дровосек, рубить, рубка, топор, ax, axe, chop, hatchet, split, wood
⛏: добыча, инструмент, кирка, шахта, hammer, mining, pick, tool
⚒: кирка и молот, hammer, pick, tool, hammer and pick
🛠: гаечный, инструмент, ключ, молот, молоток, молот и гаечный ключ, hammer, spanner, tool, wrench, hammer and wrench
🗡: кинжал, dagger, knife, weapon
⚔: скрещенные мечи, crossed, swords, weapon, crossed swords
💣: бомба, bomb, boom, comic, dangerous, explosion, hot
🪃: бумеранг, boomerang, rebound, repercussion, weapon
🏹: знак зодиака, лук со стрелой, оружие, стрелец, стрелы, archer, archery, arrow, bow, sagittarius, tool, weapon, zodiac, bow and arrow
🛡: щит, shield, weapon
🪚: пила по дереву, carpenter, carpentry, cut, lumber, saw, tool, trim, carpentry saw
🔧: гаечный ключ, home, improvement, spanner, tool, wrench
🪛: отвертка, flathead, handy, screw, screwdriver, tool
🔩: болт и гайка, bolt, home, improvement, nut, tool, nut and bolt
⚙: деталь, зубчатое, колесо, шестеренка, шестерня, cog, cogwheel, gear, tool
🗜: зажим, компрессор, тиски, clamp, compress, tool, vice
⚖: весы, взвешивание, знак, зодиак, правосудие, справедливость, balance, justice, libra, scale, scales, tool, weight, zodiac, balance scale
🦯: белая трость, accessibility, blind, cane, probing, white, white cane
🔗: гиперссылка, link, links
⛓: цепь, chain, chains
🪝: захват, крюк, крючок, подвес, уловка, catch, crook, curve, ensnare, hook, point, selling
🧰: ящик для инструментов, box, chest, mechanic, red, tool, toolbox
🧲: магнит, attraction, horseshoe, magnet, magnetic, negative, positive, shape, u
🪜: лестница, climb, ladder, rung, step
⚗: аппарат, куб, перегонный, сосуд, химия, перегонный сосуд, alembic, chemistry, tool
🧪: пробирка, chemist, chemistry, experiment, lab, science, test, tube, test tube
🧫: чашка петри, bacteria, biologist, biology, culture, dish, lab, petri, petri dish
🧬: днк, biologist, dna, evolution, gene, genetics, life
🔬: микроскоп, experiment, lab, microscope, science, tool
🔭: телескоп, contact, extraterrestrial, science, telescope, tool
📡: антенна, спутник, спутниковая, спутниковая антенна, aliens, antenna, contact, dish, satellite, science, satellite antenna
💉: инъекция, кровь, лечение, медицина, препарат, прививка, укол, шприц, doctor, flu, medicine, needle, shot, sick, syringe, tool, vaccination
🩸: капля крови, bleed, blood, donation, drop, injury, medicine, menstruation, drop of blood
💊: пилюля, doctor, drugs, medicated, medicine, pill, pills, sick, vitamin
🩹: пластырь, adhesive, bandage, adhesive bandage
🩼: инвалид, инвалидность, костыли, костыль, опора, перелом, повреждение, помощь, предмет, травма, трость, aid, cane, crutch, disability, help, hurt, injured, mobility, stick
🩺: стетоскоп, doctor, heart, medicine, stethoscope
🩻: рентген, bones, doctor, medical, skeleton, skull, x-ray, xray
🚪: дверь, back, closet, door, front
🛗: лифт, accessibility, elevator, hoist, lift
🪞: зеркало, makeup, mirror, reflection, reflector, speculum
🪟: окно, air, frame, fresh, opening, transparent, view, window
🛏: кровать, bed, hotel, sleep
🛋: диван и торшер, couch, hotel, lamp, couch and lamp
🪑: стул, chair, seat, sit
🚽: унитаз, bathroom, toilet
🪠: вантуз, cup, force, plumber, plunger, poop, suction, toilet
🚿: душ, shower, water
🛁: ванна, bath, bathtub
🪤: мышеловка, bait, cheese, lure, mouse, mousetrap, snare, trap, mouse trap
🪒: бритва, razor, sharp, shave
🧴: бутылка лосьона, bottle, lotion, moisturizer, shampoo, sunscreen, lotion bottle
🧷: английская булавка, diaper, pin, punk, rock, safety, safety pin
🧹: ведьма, веник, метла, подметать, уборка, broom, cleaning, sweeping, witch
🧺: корзина, basket, farming, laundry, picnic
🧻: рулон бумаги, paper, roll, toilet, towels, roll of paper
🪣: ведро, bucket, cask, pail, vat
🧼: мыло, bar, bathing, clean, cleaning, lather, soap, soapdish
🫧: пузыри, bubble, bubbles, burp, clean, floating, pearl, soap, underwater
🪥: зубная щетка, bathroom, brush, clean, dental, hygiene, teeth, toiletry, toothbrush
🧽: ванна, впитывать, губка, мочалка, мыло, мыть, мытье посуды, пена, посуда, спонж, чистить, absorbing, cleaning, porous, soak, sponge
🧯: огнетушитель, extinguish, extinguisher, fire, quench, fire extinguisher
🛒: тележка для покупок, cart, shopping, trolley, shopping cart
🚬: сигарета, cigarette, smoking
⚰: гибель, гроб, погребение, похороны, смерть, coffin, dead, death, vampire
🪦: гробница, кладбище, могила, могильный камень, надгробие, cemetery, dead, grave, graveyard, headstone, memorial, rip, tomb, tombstone
⚱: останки, пепел, похороны, прах, смерть, урна, урна с прахом, ashes, death, funeral, urn, funeral urn
🧿: амулет, око, сглаз, синий, талисман, назар бонджук, amulet, bead, blue, charm, evil-eye, nazar, talisman, nazar amulet
🪬: амулет, защита, защитить, кисть, ладонь, предмет, рука, рука марии, рука мириам, рука фатимы, хамса, amulet, fatima, fortune, guide, hamsa, hand, mary, miriam, palm, protect, protection
🗿: голова, истукан, лицо, остров, пасхи, статуя, face, moai, moyai, statue, stoneface, travel
🪧: плакат, card, demonstration, notice, picket, placard, plaque, protest, sign
🪪: водительские права, документ, паспорт, права, удостоверение, удостоверение личности, card, credentials, document, id, identification, license, security, identification card
🏧: банкомат, выдача, деньги, значок банкомата, наличные, терминал, atm, automated, bank, cash, money, sign, teller, atm sign
🚮: мусор, мусорить, мусорка, урна, бросайте мусор в урну, bin, litter, litterbin, sign, litter in bin sign
🚰: вода, кран, пить, питьевая, питьевая вода, drinking, potable, water, potable water
♿: возможности, доступ, значок, инвалид, инвалидная, коляска, значок «для инвалидов», access, handicap, symbol, wheelchair, wheelchair symbol
🚹: кабинки, мужской, мужчины, туалет, уборная, мужской туалет, bathroom, lavatory, man, men’s, restroom, room, toilet, wc, men’s room
🚺: женский туалет, женщины, кабинки, туалет, уборная, bathroom, lavatory, restroom, room, toilet, wc, woman, women’s, women’s room
🚻: wc, туалет, уборная, bathroom, lavatory, restroom, toilet
🚼: дети, младенцы, пеленальная, пеленки, стол, baby, changing, symbol, baby symbol
🚾: wc, общественный, туалет, уборная, унитаз, bathroom, closet, lavatory, restroom, toilet, water, water closet
🛂: контроль, паспортный, печать, пограничник, проверка, паспортный контроль, control, passport, passport control
🛃: багаж, граница, проверка, таможенник, таможня, customs, packing
🛄: багаж, лента, получение, прибытие, чемодан, получение багажа, arrived, baggage, bags, case, checked, claim, journey, packing, plane, ready, travel, trip, baggage claim
🛅: багаж, замок, кабинка, камера, ключ, хранения, чемодан, забытый багаж, baggage, case, left, locker, luggage, left luggage
⚠: восклицательный, желтый, знак, оповещение, осторожно, предупреждение, треугольный, значок предупреждения, caution, warning
🚸: движение, дети, дорога, дорожное, знак, переход, пешеход, знак «дети», child, children, crossing, pedestrian, traffic, children crossing
⛔: вход, въезд, запрещен, запрещено, кирпич, красный, круг, нет, стоп, въезд запрещен, do, entry, fail, forbidden, no, not, pass, prohibited, traffic, no entry
🚫: вход, входа, запрещено, зачеркнутый, красный, круг, нельзя, нет, entry, forbidden, no, not, prohibited, smoke
🚳: велосипед, въезд, въезда, запрещено, нельзя, нет, перечеркнутый, перечеркнутый велосипед, bicycle, bicycles, bike, forbidden, no, not, prohibited, no bicycles
🚭: запрет, запрещено, красный, круг, курение, курить, не, нельзя, черный, курение запрещено, forbidden, no, not, prohibited, smoke, smoking, no smoking
🚯: запрещено, красный, мусор, мусорить, нельзя, перечеркнутый, черный, не мусорьте, forbidden, litter, littering, no, not, prohibited, no littering
🚱: вода, вредно, запрещено, кран, круг, не, нельзя, непитьевая, опасно, перечеркнутый, пить, непитьевая вода, dry, non-drinking, non-potable, prohibited, water, non-potable water
🚷: входить, запрещен, круг, не, опасно, переход, пешеход, пешеходный, переход запрещен, forbidden, no, not, pedestrian, pedestrians, prohibited, no pedestrians
📵: запрещен, запрещено, запрещены, звонить, звонки, мобильный, перечеркнутый, смартфон, сотовый, телефон, мобильные телефоны запрещены, cell, forbidden, mobile, no, not, phone, phones, prohibited, telephone, no mobile phones
🔞: 18 лет, для людей старше восемнадцати лет, запрет, нельзя, несовершеннолетним запрещено, 18, age, eighteen, forbidden, no, not, one, prohibited, restriction, underage, no one under eighteen
☢: знак, опасность, радиация, радиоактивность, символ, угроза, radioactive, sign
☣: биологическая, знак, опасность, угроза, химическая, биологическая угроза, biohazard, sign
⬆: вверх, направление, север, стрелка, стрелка вверх, arrow, cardinal, direction, north, up, up arrow
↗: вправо-вверх, направление, северо-восток, стрелка, стрелка вправо-вверх, arrow, direction, intercardinal, northeast, up-right, up-right arrow
➡: восток, вправо, направление, стрелка, стрелка вправо, arrow, cardinal, direction, east, right, right arrow
↘: вправо-вниз, направление, стрелка, юго-восток, стрелка вправо-вниз, arrow, direction, down-right, intercardinal, southeast, down-right arrow
⬇: вниз, направление, стрелка, юг, стрелка вниз, arrow, cardinal, direction, down, south, down arrow
↙: влево-вниз, направление, стрелка, юго-запад, стрелка влево-вниз, arrow, direction, down-left, intercardinal, southwest, down-left arrow
⬅: влево, запад, направление, стрелка, стрелка влево, arrow, cardinal, direction, left, west, left arrow
↖: влево-вверх, направление, северо-запад, стрелка, стрелка влево-вверх, arrow, direction, intercardinal, northwest, up-left, up-left arrow
↕: вверх, вверх-вниз, вниз, двойная, стрелка, стрелка вверх-вниз, arrow, up-down, up-down arrow
↔: влево, влево-вправо, вправо, двойная, стрелка, стрелка влево-вправо, arrow, left-right, left-right arrow
↮: перечеркнутая стрелка вправо-влево, arrow, left, right, stroke, left right arrow stroke
↩: влево, вправо, изгиб, изогнутая, поворот, стрелка, стрелка вправо с поворотом влево, arrow, curving, left, right, right arrow curving left
↪: влево, вправо, изгиб, изогнутая, поворот, стрелка, стрелка влево с поворотом вправо, arrow, curving, left, right, left arrow curving right
⤴: вверх, вправо, изгиб, изогнутая, поворот, стрелка, стрелка вправо с поворотом вверх, arrow, curving, right, up, right arrow curving up
⤵: вниз, вправо, изгиб, изогнутая, поворот, стрелка, стрелка вправо с поворотом вниз, arrow, curving, down, right, right arrow curving down
🔃: вертикальные, зависание, перезагрузка, по, стрелке, стрелки, часовой, по часовой стрелке, arrow, arrows, clockwise, refresh, reload, vertical, clockwise vertical arrows
🔄: горизонтальные, кнопка, обновить, обновление, против, стрелки, часовой, против часовой стрелки, again, anticlockwise, arrow, arrows, button, counterclockwise, deja, refresh, rewindershins, vu, counterclockwise arrows button
🔙: вернуться, назад, стрелка, стрелка «назад», arrow, back, back arrow
🔚: конец, стрелка «конец», стрелка конец, arrow, end, end arrow
🔛: активно, включено, стрелка «активно», стрелка активно, arrow, mark, on!, on! arrow
🔜: вправо, далее, продолжение, скоро, следует, стрелка, стрелка «скоро», arrow, brb, omw, soon, soon arrow
🔝: вверх, верх, наверх, стрелка, топ, стрелка «верх», arrow, homie, top, up, top arrow
🛐: место, молитва, молиться, поклонение, религиозное, религия, святое, святыня, place, pray, religion, worship, place of worship
⚛: атеизм, атеист, атом, атомный, символ, частица, символ атома, atheist, atom, symbol, atom symbol
🕉: аум, мантра, ом, религия, hindu, om, religion
✡: вера, давид, еврей, звезда, иудаизм, религия, шестиконечная, звезда давида, david, jew, jewish, judaism, religion, star, star of david
☸: буддизм, буддийский, дхарма, колесо, религия, колесо дхармы, buddhist, dharma, religion, wheel, wheel of dharma
☯: вера, инь, инь-ян, инь-янь, религия, символ, тао, таоизм, ян, янь, difficult, lives, religion, tao, taoist, total, yang, yin, yinyang, yin yang
✝: крест, латинский, религия, христианский, христианство, латинский крест, christ, christian, cross, latin, religion, latin cross
☦: вера, крест, православие, православный, религия, христианин, христианство, православный крест, christian, cross, orthodox, religion, orthodox cross
☪: вера, звезда, ислам, мечеть, мусульманин, мусульманство, полумесяц, рамадан, религия, символ, звезда и полумесяц, crescent, islam, muslim, ramadan, religion, star, star and crescent
☮: значок, мир, пацифизм, пацифик, символ, healing, peace, peaceful, symbol, peace symbol
🕎: менора, подсвечник, религия, свечи, ханука, ханукия, candelabrum, candlestick, hanukkah, jewish, judaism, menorah, religion
🔯: звезда, звезда давида, шестиконечная звезда, dotted, fortune, jewish, judaism, six-pointed, star, dotted six-pointed star
🪯: дег, кханда, религия, сикх, сикхизм, символ, тех, фатех, хальса, deg, fateh, khalsa, khanda, religion, sikh, sikhism, tegh
♈: баран, гороскоп, знак, зодиак, овен, овца, знак зодиака овен, aries, horoscope, ram, zodiac
♉: бык, гороскоп, знак, зодиак, теленок, телец, знак зодиака телец, bull, horoscope, ox, taurus, zodiac
♊: близнецы, гороскоп, знак, зодиак, знак зодиака близнецы, gemini, horoscope, twins, zodiac
♋: гороскоп, знак, зодиак, рак, знак зодиака рак, cancer, crab, horoscope, zodiac
♌: гороскоп, знак, зодиак, лев, знак зодиака лев, horoscope, leo, lion, zodiac
♍: гороскоп, дева, знак, зодиак, знак зодиака дева, horoscope, virgo, zodiac
♎: весы, гороскоп, знак, зодиак, знак зодиака весы, balance, horoscope, justice, libra, scales, zodiac
♏: гороскоп, знак, зодиак, скорпион, знак зодиака скорпион, horoscope, scorpio, scorpion, scorpius, zodiac
♐: гороскоп, знак, зодиак, стрелец, знак зодиака стрелец, archer, horoscope, sagittarius, zodiac
♑: гороскоп, знак, зодиак, козерог, знак зодиака козерог, capricorn, goat, horoscope, zodiac
♒: водолей, гороскоп, знак, зодиак, знак зодиака водолей, aquarius, bearer, horoscope, water, zodiac
♓: гороскоп, знак, зодиак, рыба, рыбы, знак зодиака рыбы, fish, horoscope, pisces, zodiac
⛎: гороскоп, змееносец, знак, зодиак, знак зодиака змееносец, bearer, ophiuchus, serpent, snake, zodiac
🔀: выбор, перемешивание, пересечение, скрещенные, случайно, случайный, стрелки, случайный выбор, arrow, button, crossed, shuffle, tracks, shuffle tracks button
🔁: горизонтальные, замкнутые, по, повтор, повторить, стрелке, стрелки, часовой, arrow, button, clockwise, repeat, repeat button
🔂: две стрелки, кнопка, одна песня, повтор, повтор одной песни, arrow, button, clockwise, once, repeat, single, repeat single button
▶: воспроизведение, вперед, вправо, геометрия, кнопка, перемотать, перемотка, проигрывание, треугольник, фигура, arrow, button, play, right, triangle, play button
⏩: вперед, вправо, два, кнопка, перемотать, перемотка, треугольника, перемотка вперед, arrow, button, double, fast, fast-forward, forward, fast-forward button
⏭: вперед, вправо, далее, два треугольника, дорожка, кнопка, композиция, перемотать, перемотка, песня, следующая, следующий, трек, черта, следующий трек, arrow, button, next, scene, track, triangle, next track button
⏯: воспроизведение, воспроизведение/пауза, воспроизвести, воспроизвещение, две черты, играть, кнопка, пауза, приостановить, треугольник, arrow, button, pause, play, right, triangle, play or pause button
◀: влево, кнопка, назад, обратный, реверс, стрелка, arrow, button, left, reverse, triangle, reverse button
⏪: влево, два треугольника, кнопка, назад, перемотать, перемотка назад, стрелка, arrow, button, double, fast, reverse, rewind, fast reverse button
⏮: влево, два треугольника, перемотать назад, перемотка, перемотка назад, предыдущая дорожка, предыдущая композиция, предыдущий трек, arrow, button, last, previous, scene, track, triangle, last track button
🔼: вверх, кнопка, кнопка треугольник острием вверх, пирамида, треугольник, треугольник острием вверх, arrow, button, red, up, upwards, upwards button
⏫: вверх, два треугольника, два треугольника острием вверх, кнопка, стрелка, стрелки вверх, arrow, button, double, fast, up, fast up button
🔽: вниз, кнопка, треугольник, треугольник острием вниз, arrow, button, down, downwards, red, downwards button
⏬: вниз, два треугольника, два треугольника острием вниз, кнопка, стрелка, стрелки вниз, arrow, button, double, down, fast, fast down button
⏸: две черты, кнопка, кнопка паузы, остановить, пауза, стоп, bar, button, double, pause, vertical, pause button
⏹: кнопка, остановить, остановка, стоп, button, square, stop, stop button
⏺: записать, запись, кнопка, круг, начать запись, button, circle, record, record button
⏏: выброс, кнопка, button, eject, eject button
🎦: видео, видеозапись, видеокамера, дубль, запись, камера, кино, кинокамера, телевидение, фильм, camera, cinema, film, movie
🔅: низкая яркость, низкий, солнышко, темно, уровень, яркость, brightness, button, dim, low, dim button
🔆: высокая яркость, высокий, светло, уровень, яркость, bright, brightness, button, light, bright button
📶: антенна, подключение, связь, сигнал сети, телефон, уровень сигнала, antenna, bar, bars, cell, communication, mobile, phone, signal, telephone, antenna bars
🛜: wi-fi, wifi, wlan, беспроводная сеть, вайфай, интернет, компьютер, подключение, роутер, сеть, смартфон, точка доступа, широкополосный, broadband, computer, connectivity, hotspot, internet, network, router, smartphone, wireless
📳: вибрация, мобильник, мобильный, режим, режим вибрации, смартфон, телефон, телефон вибрирует, cell, communication, mobile, mode, phone, telephone, vibration, vibration mode
📴: выключен, выключенный телефон, выключено, мобильник, мобильный, смартфон, сотовый, телефон, cell, mobile, off, phone, telephone, mobile phone off
♀: венера, женский символ, женщина, символ, female, sign, woman, female sign
♂: марс, мужской символ, мужчина, символ, male, man, sign, male sign
⚧: символ, трансгендер, трансгендерная, трансгендерное, трансгендерные, трансгендерный, symbol, transgender, transgender symbol
✖: знак, отмена, отмены, умножение, умножения, х, знак умножения, ×, cancel, multiplication, multiply, sign, x
➕: добавить, знак, плюс, прибавить, сложение, сложения, знак сложения, +, plus
➖: вычесть, вычитание, вычитания, знак, минус, отнять, знак вычитания, -, −, heavy, math, minus, sign
➗: деление, деления, делить, знак, разделить, знак деления, ÷, divide, division, heavy, math, sign
🟰: знак, математика, равенства, равенство, равно, жирный знак равенства, answer, equal, equality, equals, heavy, math, sign, heavy equals sign
♾: бесконечность, знак бесконечности, навсегда, постоянно, forever, infinity, unbounded, universal
‼: восклицание, восклицательные, восклицательный, восклицательных, два, знак, знака, знаки, пунктуация, два восклицательных знака, !, !!, bangbang, double, exclamation, mark, punctuation, double exclamation mark
⁉: вопрос, вопросительный, восклицание, восклицательный, знак, знаки, и, пунктуация, восклицательный и вопросительный знаки, !, !?, ?, exclamation, interrobang, mark, punctuation, question, exclamation question mark
❓: вопрос, вопроса, вопросительный, знак, красный, пунктуация, красный вопросительный знак, ?, mark, punctuation, question, red, red question mark
❔: ?, белый, вопрос, вопросительный, знак, пунктуация, белый вопросительный знак, mark, outlined, punctuation, question, white, white question mark
❕: белый, белый восклицательный знак, восклицание, восклицательный знак, восклицать, знак, пунктуация, !, bang, exclamation, mark, outlined, punctuation, white, white exclamation mark
❗: восклицание, восклицательный знак, знак, красный, пунктуация, красный восклицательный знак, !, bang, exclamation, mark, punctuation, red, red exclamation mark
〰: волна, волнистая, знак, линия, пунктуация, волнистая линия, dash, punctuation, wavy, wavy dash
💱: банк, валюта, валюты, деньги, касса, курс, обмен, обмен валюты, bank, currency, exchange, money, currency exchange
💲: валюта, деньги, доллар, сша, жирный знак доллара, billion, cash, charge, currency, dollar, heavy, million, money, pay, sign, heavy dollar sign
⚕: аптека, асклепий, врачевание, жезл, лекарства, лекарство, лечение, медицина, медицинский символ, посох, посох со змеей, aesculapius, medical, medicine, staff, symbol, medical symbol
♻: мусор, мусорный, отходы, переработка, переработка отходов, утилизация, recycle, recycling, symbol, recycling symbol
⚜: геральдика, геральдическая лилия, герб, лилия, фигура, флер-де-лис, fleur-de-lis, knights
🔱: вилы, посейдон, символ, трезубец, эмблема, anchor, emblem, poseidon, ship, tool, trident, trident emblem
📛: бейдж, бейджик, значок, значок с именем, имя, огонь, предупреждение, badge, name, name badge
🔰: новичок, символ, символ новичка, япония, японский символ новичка, beginner, chevron, green, japanese, leaf, symbol, tool, yellow, japanese symbol for beginner
⭕: большое кольцо, большой круг, кольцо, красное, красный круг, круг, синий круг, красное кольцо, circle, heavy, hollow, large, o, red, hollow red circle
✅: белая, галочка, готово, знак, проверено, проверка, сделано, белая галочка, ✓, button, check, checked, checkmark, complete, completed, done, fixed, mark, tick, check mark button
☑: бюллетень, бюллетень с галочкой, выполнено, галочка, галочка в квадрате, голосование, готово, проверено, проверка, сделано, ✓, ballot, box, check, checked, done, off, tick, check box with check
✔: галка, галочка, готово, знак, значок, отметка, отмечено, помечено, черная галочка, черный, ✓, check, checked, checkmark, done, heavy, mark, tick, check mark
❌: закрытие, значок, крестик, отмена, умножение, ×, cancel, cross, mark, multiplication, multiply, x, cross mark
❎: закрытие, квадрат, кнопка, крестик, отметка, умножение, умножить, кнопка «крестик», ×, button, cross, mark, multiplication, multiply, square, x, cross mark button
➰: значок, петелька, петля, curl, curly, loop, curly loop
➿: две, двойная, петелька, петельки, петли, петля, двойная петля, curl, curly, double, loop, double curly loop
〽: вступает другой голос, голос, другой голос, знак, певцы, япония, alternation, mark, part, part alternation mark
✳: восьмиконечная, звезда, звездочка, восьмиконечная звездочка, *, asterisk, eight-spoked, eight-spoked asterisk
✴: восьмиконечная, звезда, восьмиконечная звезда, *, eight-pointed, star, eight-pointed star
❇: искра, мерцание, *, sparkle
©: автор, авторские права, авторское, защита, значок, значок защиты авторского права, копирайт, право, символ, c, copyright
®: зарегистрирован, зарегистрированный товарный знак, зарегистрировано, товарный знак, r, registered
™: тм, товарная марка, товарный знак, торговая марка, торговый знак, mark, tm, trade, trademark, trade mark
🫟: клякса, краска, пролить, пятно, холи, drip, holi, ink, liquid, mess, paint, spill, splatter, stain
🔠: алфавит, ввод, ввод прописными, верхний регистр, латиница, латинские буквы, прописные, прописные символы, abcd, input, latin, letters, uppercase, input latin uppercase
🔡: алфавит, буквы, ввод, ввод строчными, кнопка, латинские буквы, нижний регистр, строчные, строчные символы, abcd, input, latin, letters, lowercase, input latin lowercase
🔢: ввод, ввод цифр, цифры, 1234, input, numbers, input numbers
🔣: ввод, ввод символов, символы, &amp;, %, ♪, 〒, input, symbols, input symbols
🔤: алфавит, буквы, ввод, латиница, латинские, латинский, символы, ввод латиницей, abc, alphabet, input, latin, letters, input latin letters
🅰: 2 группа крови, ii группа крови, буква а, вторая группа крови, группа крови, группа крови а, кровь, blood, button, type, a button (blood type)
🆎: 4 группа крови, iv группа крови, буквы ав, группа крови, группа крови ab, кровь, четвертая группа крови, ab, blood, button, type, ab button (blood type)
🅱: 3 группа крови, iii группа крови, буква в, группа крови, группа крови в, кровь, третья группа крови, b, blood, button, type, b button (blood type)
🆑: cl, значок «понятно», кнопка, кнопка &quot;очистить&quot;, кнопка &quot;стереть&quot;, кнопка «очистить», очистить, стереть, ясно, button, cl button
🆒: здорово, значок, значок «круто», кнопка, круто, button, cool, cool button
🆓: бесплатно, значок, кнопка, значок «бесплатно», button, free, free button
ℹ: значок, инфо, информации, информация, подробнее, сведения, справка, справки, значок информации, i, information
🆔: значок, значок «идентификация», идентификатор, идентификация, кнопка, button, id, identity, id button
Ⓜ: буква, в кружке, кружок, м, буква «м» в кружке, circle, circled, m, circled m
🆕: значок, новая, новинка, новое, новый, значок «новинка», button, new, new button
🆖: значок, не годится, нехорошо, плохо, значок «не годится», button, ng, ng button
🅾: 1 группа крови, i группа крови, буква о, группа крови, группа крови o, кнопка с о, кровь, о, первая группа крови, blood, button, o, type, o button (blood type)
🆗: значок, значок «ок», о’кей, ок, окей, хорошо, button, ok, okay, ok button
🅿: автостоянка, машины, парковаться, парковка, припарковаться, стоянка, button, p, parking, p button
🆘: sos, значок sos, помогите, помощь, сос, спасите, button, help, sos button
🆙: вверх, значок, обновление, отметка, значок «обновление», button, mark, up, up!, up! button
🆚: значок, кнопка, против, сравнение, значок «против», button, versus, vs, vs button
🈁: здесь, значок, кнопка, япония, значок «здесь», button, here, japanese, katakana, japanese “here” button
🈂: значок, кнопка, стоимость, услуги, цена, япония, цена услуги, button, charge, japanese, katakana, service, japanese “service charge” button
🈷: значок, иероглиф, кнопка, месяц, сумма, япония, amount, button, ideograph, japanese, monthly, japanese “monthly amount” button
🈶: значок, иероглиф, кнопка, наличие, платно, япония, button, charge, free, ideograph, japanese, not, japanese “not free of charge” button
🈯: забронировано, занято, значок, кнопка, япония, button, ideograph, japanese, reserved, japanese “reserved” button
🉐: выгода, значок, кнопка, сделка, япония, удачная сделка, bargain, button, ideograph, japanese, japanese “bargain” button
🈹: деление, значок, иероглиф, кнопка, скидка, япония, японский, button, discount, ideograph, japanese, japanese “discount” button
🈚: бесплатно, значок, иероглиф, кнопка, нет в наличии, отсутствие, япония, button, charge, free, ideograph, japanese, japanese “free of charge” button
🈲: воспрещен, вход запрещен, запрет, запрещено, значок, иероглиф, кнопка, нельзя, япония, button, ideograph, japanese, prohibited, japanese “prohibited” button
🉑: допустимо, допустимость, значок, иероглиф, китай, кнопка, можно, приемлемо, принятие, acceptable, button, ideograph, japanese, japanese “acceptable” button
🈸: запрос, заявка, значок, иероглиф, китай, кнопка, подача, япония, application, button, ideograph, japanese, japanese “application” button
🈴: значок, иероглиф, китай, кнопка, пропускной балл, проходной балл, согласие, япония, button, grade, ideograph, japanese, passing, japanese “passing grade” button
🈳: доступно, доступность, есть места, значок, иероглиф, китай, кнопка, пусто, пустота, свободно, button, ideograph, japanese, vacancy, japanese “vacancy” button
㊗: значок, кнопка, поздравление, праздник, япония, button, congratulations, ideograph, japanese, japanese “congratulations” button
㊙: значок, кнопка, секрет, тайна, япония, button, ideograph, japanese, secret, japanese “secret” button
🈺: значок, иероглиф, китай, кнопка, открыто, работа, работает, япония, business, button, ideograph, japanese, open, japanese “open for business” button
🈵: занято, заполнено, значок, иероглиф, кнопка, мест, нет, япония, нет мест, button, ideograph, japanese, no, vacancy, japanese “no vacancy” button
🔴: геометрия, красный, круг, фигура, шар, красный круг, circle, geometric, red, red circle
🟠: геометрия, круг, оранжевый, фигура, шар, оранжевый круг, circle, orange, orange circle
🟡: геометрия, желтый, круг, фигура, шар, желтый круг, circle, yellow, yellow circle
🟢: геометрия, зеленый, круг, фигура, шар, зеленый круг, circle, green, green circle
🔵: геометрия, голубой, круг, синий, фигура, шар, голубой круг, blue, circle, geometric, blue circle
🟣: геометрия, круг, фигура, фиолетовый, шар, фиолетовый круг, circle, purple, purple circle
🟤: геометрия, коричневый, круг, фигура, шар, коричневый круг, brown, circle, brown circle
⚫: геометрия, круг, фигура, черный, шар, черный круг, black, circle, geometric, black circle
⚪: белый, геометрия, круг, фигура, шар, белый круг, circle, geometric, white, white circle
🟥: геометрия, квадрат, красный, прямоугольник, фигура, красный квадрат, card, penalty, red, square, red square
🟧: геометрия, квадрат, оранжевый, прямоугольник, фигура, оранжевый квадрат, orange, square, orange square
🟨: геометрия, желтая, желтый, карточка, квадрат, предупреждение, фигура, желтый квадрат, card, penalty, square, yellow, yellow square
🟩: геометрия, зеленый, квадрат, фигура, зеленый квадрат, green, square, green square
🟦: геометрия, голубой, квадрат, синий, фигура, синий квадрат, blue, square, blue square
🟪: геометрия, квадрат, прямоугольник, фигура, фиолетовый, фиолетовый квадрат, purple, square, purple square
🟫: геометрия, квадрат, коричневый, прямоугольник, фигура, коричневый квадрат, brown, square, brown square
⬛: большой, геометрия, квадрат, фигура, черный, большой черный квадрат, black, geometric, large, square, black large square
⬜: белый, большой, геометрия, квадрат, фигура, большой белый квадрат, geometric, large, square, white, white large square
◼: геометрия, квадрат, средний, фигура, черный, черный квадрат, black, geometric, medium, square, black medium square
◻: белый, геометрия, квадрат, фигура, белый квадрат, geometric, medium, square, white, white medium square
◾: геометрия, квадрат, небольшой, фигура, черный, небольшой черный квадрат, black, geometric, medium-small, square, black medium-small square
◽: белый, геометрия, квадрат, небольшой белый квадрат, небольшой квадрат, фигура, geometric, medium-small, square, white, white medium-small square
▪: геометрия, квадрат, квадратик, маленький, фигура, черный, черный квадратик, black, geometric, small, square, black small square
▫: белый, геометрия, квадрат, квадратик, маленький, фигура, белый квадратик, geometric, small, square, white, white small square
🔶: большой, геометрия, оранжевый, ромб, фигура, большой оранжевый ромб, diamond, geometric, large, orange, large orange diamond
🔷: большой, геометрия, голубой, ромб, синий, фигура, большой голубой ромб, blue, diamond, geometric, large, large blue diamond
🔸: геометрия, маленький, оранжевый, ромб, фигура, небольшой оранжевый ромб, diamond, geometric, orange, small, small orange diamond
🔹: геометрия, голубой, небольшой голубой ромб, небольшой ромб, ромб, фигура, blue, diamond, geometric, small, small blue diamond
🔺: вверх, вершиной, геометрия, красный, пирамида, треугольник, фигура, треугольник вершиной вверх, geometric, pointed, red, triangle, up, red triangle pointed up
🔻: вершиной, вниз, геометрия, красный, пирамида, треугольник, фигура, треугольник вершиной вниз, down, geometric, pointed, red, triangle, red triangle pointed down
💠: алмаз, бриллиант, геометрия, драгоценный, камень, ромб, с, точкой, украшение, фигура, цветок, ромб с точкой, comic, diamond, dot, geometric, diamond with a dot
🔘: кнопка, круглая, серая, круглая кнопка, button, geometric, radio, radio button
🔳: белая, белой, квадрат, кнопка, рамкой, с, кнопка с белой рамкой, button, geometric, outlined, square, white, white square button
🔲: квадрат, кнопка, рамкой, с, черная, черной, кнопка с черной рамкой, black, button, geometric, square, black square button
🏁: в, гонка, гонки, клетку, клетчатый, финиш, флаг, черно-белый, клетчатый флаг, checkered, chequered, finish, flag, flags, game, race, racing, sport, win, chequered flag
🚩: треугольный флаг, construction, flag, golf, post, triangular, triangular flag
🎌: два, скрещенные, флага, флаги, япония, японских, скрещенные флаги, celebration, cross, crossed, flags, japanese, crossed flags
🏴: реет, флаг, черный, черный флаг, black, flag, waving, black flag
🏳: белый флаг, flag, waving, white, white flag
🏳‍🌈: гей, гомосексульный, лгбт, радуга, радужный, трансгендер, флаг, радужный флаг, bisexual, flag, gay, genderqueer, glbt, glbtq, lesbian, lgbt, lgbtq, lgbtqia, pride, queer, rainbow, trans, transgender, rainbow flag
🏳‍⚧: белый, розовый, светло-голубой, трансгендер, флаг, флаг трансгендерного сообщества, blue, flag, light, pink, transgender, white, transgender flag
🏴‍☠: веселый роджер, кости, пиратский флаг, пираты, флаг, череп, flag, jolly, pirate, plunder, roger, treasure, pirate flag
¢: цент, цента, центы, cent
£: валюта, стерлинги, фунт, фунт стерлингов, currency, egp, gbp, pound
¥: валюта, иена, китайский юань, юань, японская иена, cny, currency, jpy, yen, yuan
₢: валюта, крузейро, brb, cruzeiro, currency
₣: валюта, франк, французский франк, currency, franc, french, french franc
₤: валюта, лира, currency, lira
₥: мил, милесимо, миллим, милль, милльем, миль, мильем, mil, mill
₩: вона, юкв/скв, kpw, krw, won
€: валюта, евро, currency, eur, euro
₰: валюта, немецкий пенни, currency, german, penny, pfennig, german penny
₱: песо, peso
₳: аустраль, валюта, ara, austral, currency
₶: валюта, турский ливр, currency, livre, tournois, livre tournois
₷: валюта, спесмило, currency, spesmilo
₹: валюта, индийская рупия, рупия, currency, indian, rupee, indian rupee
₽: валюта, рубль, currency, ruble
₿: btc, биткоин, биткойн, бтк, bitcoin
0⃣: 0, клавиша, ноль, клавиша 0, keycap, zero, keycap: 0
1⃣: 1, клавиша, один, клавиша 1, keycap, one, keycap: 1
2⃣: 2, два, клавиша, клавиша 2, keycap, two, keycap: 2
3⃣: 3, клавиша, три, клавиша 3, keycap, three, keycap: 3
4⃣: 4, клавиша, четыре, клавиша 4, four, keycap, keycap: 4
5⃣: 5, клавиша, пять, клавиша 5, five, keycap, keycap: 5
6⃣: 6, клавиша, шесть, клавиша 6, keycap, six, keycap: 6
7⃣: 7, клавиша, семь, клавиша 7, keycap, seven, keycap: 7
8⃣: 8, восемь, клавиша, клавиша 8, eight, keycap, keycap: 8
9⃣: 9, девять, клавиша, клавиша 9, keycap, nine, keycap: 9
¹: надстрочная цифра один, надстрочный, один, степень, one, superscript, superscript one
²: в квадрате, два, квадрат, надстрочная цифра два, надстрочный, степень, squared, superscript, two, superscript two
³: в кубе, куб, надстрочная, надстрочная цифра три, степень, три, cubed, superscript, three, superscript three
₨: валюта, рупия, currency, rupee
µ: значок микро, измерение, measure, micro, sign, micro sign
﷼: валюта, риал, currency, rial
⛓‍💥: break, breaking, broken, chain, cuffs, freedom, broken chain
🪏: bury, dig, garden, hole, plant, scoop, shovel, snow, spade
